Name,Material,Asc2,Asc3,Asc4,AscMax,Skl2,Skl3,Skl4,Skl5,Skl6,Skl7,Skl8,Skl9,Skl10
Miyamoto Musashi,Saber Piece,0,0,0,0,0,0,0,0,0,0,0,0,0
Miyamoto Musashi,Proof of Hero,0,0,0,0,0,0,0,0,0,0,0,0,0
Miyamoto Musashi,Saber Monument,0,0,0,0,0,0,0,0,0,0,0,0,0
Miyamoto Musashi,Octuplet Crystals,0,0,0,0,0,0,0,0,0,0,0,0,0
Miyamoto Musashi,Eternal Gear,0,0,0,0,0,0,0,0,0,0,0,0,0
Miyamoto Musashi,Heart of the Foreign God,0,0,0,0,0,0,0,0,0,0,0,0,0
Miyamoto Musashi,Gem of Saber,0,0,0,0,0,0,0,0,0,0,0,0,0
Miyamoto Musashi,Magic Gem of Saber,0,0,0,0,0,0,0,0,0,0,0,0,0
Miyamoto Musashi,Secret Gem of Saber,0,0,0,0,0,0,0,0,0,0,0,0,0
Miyamoto Musashi,Void's Dust,0,0,0,0,0,0,0,0,0,0,0,0,0
Miyamoto Musashi,Primordial Lanugo,0,0,0,0,0,0,0,0,0,0,0,0,0
Miyamoto Musashi,Crystallized Lore,0,0,0,0,0,0,0,0,0,0,0,0,0
Arthur Pendragon (Prototype),Saber Piece,0,0,0,0,0,0,0,0,0,0,0,0,0
Arthur Pendragon (Prototype),Great Knight Medal,0,0,0,0,0,0,0,0,0,30,60,0,0
Arthur Pendragon (Prototype),Saber Monument,0,0,0,0,0,0,0,0,0,0,0,0,0
Arthur Pendragon (Prototype),Proof of Hero,0,0,0,0,0,0,0,0,0,0,0,0,0
Arthur Pendragon (Prototype),Dragon Fang,0,0,0,0,0,0,0,0,0,0,0,0,0
Arthur Pendragon (Prototype),Dragon's Reverse Scale,0,0,0,0,0,0,0,0,0,0,0,0,0
Arthur Pendragon (Prototype),Gem of Saber,0,0,0,0,0,0,0,0,0,0,0,0,0
Arthur Pendragon (Prototype),Magic Gem of Saber,0,0,0,0,0,0,0,0,0,0,0,0,0
Arthur Pendragon (Prototype),Secret Gem of Saber,0,0,0,0,0,0,0,0,0,36,0,0,0
Arthur Pendragon (Prototype),Primordial Lanugo,0,0,0,0,0,0,0,0,0,0,12,33,0
Arthur Pendragon (Prototype),Spirit Root,0,0,0,0,0,0,0,0,0,0,0,30,0
Arthur Pendragon (Prototype),Crystallized Lore,0,0,0,0,0,0,0,0,0,0,0,0,3
Nero Claudius (Bride),Saber Piece,0,0,0,0,0,0,0,0,0,0,0,0,0
Nero Claudius (Bride),Octuplet Crystals,0,0,0,0,0,0,0,0,0,5,10,0,0
Nero Claudius (Bride),Saber Monument,0,0,0,0,0,0,0,0,0,0,0,0,0
Nero Claudius (Bride),Phoenix Feather,0,0,0,0,0,0,0,0,0,0,0,0,0
Nero Claudius (Bride),Ghost Lantern,0,0,0,0,0,0,0,0,0,0,0,0,0
Nero Claudius (Bride),Seed of Yggdrasil,0,0,0,0,0,0,0,0,0,0,0,0,0
Nero Claudius (Bride),Gem of Saber,0,0,0,0,0,0,0,0,0,0,0,0,0
Nero Claudius (Bride),Magic Gem of Saber,0,0,0,0,0,0,0,0,0,0,0,0,0
Nero Claudius (Bride),Secret Gem of Saber,0,0,0,0,0,0,0,0,0,12,0,0,0
Nero Claudius (Bride),Serpent Jewel,0,0,0,0,0,0,0,0,0,0,5,15,0
Nero Claudius (Bride),Eternal Gear,0,0,0,0,0,0,0,0,0,0,0,24,0
Nero Claudius (Bride),Crystallized Lore,0,0,0,0,0,0,0,0,0,0,0,0,1
Okita Souji,Saber Piece,0,0,0,0,0,0,0,0,0,0,0,0,0
Okita Souji,Void's Dust,0,0,0,0,0,0,0,0,0,30,60,0,0
Okita Souji,Saber Monument,0,0,0,0,0,0,0,0,0,0,0,0,0
Okita Souji,Dragon Fang,0,0,0,0,0,0,0,0,0,0,0,0,0
Okita Souji,Eternal Gear,0,0,0,0,0,0,0,0,0,0,0,0,0
Okita Souji,Phoenix Feather,0,0,0,0,0,0,0,0,0,0,0,60,0
Okita Souji,Gem of Saber,0,0,0,0,0,0,0,0,0,0,0,0,0
Okita Souji,Magic Gem of Saber,0,0,0,0,0,0,0,0,0,0,0,0,0
Okita Souji,Secret Gem of Saber,0,0,0,0,0,0,0,0,0,36,0,0,0
Okita Souji,Claw of Chaos,0,0,0,0,0,0,0,0,0,0,12,33,0
Okita Souji,Crystallized Lore,0,0,0,0,0,0,0,0,0,0,0,0,3
Nikola Tesla,Archer Piece,0,0,0,0,0,0,0,0,0,0,0,0,0
Nikola Tesla,Void's Dust,0,0,0,0,0,0,0,0,0,10,20,0,0
Nikola Tesla,Archer Monument,0,0,0,0,0,0,0,0,0,0,0,0,0
Nikola Tesla,Forbidden Page,0,0,0,0,0,0,0,0,0,0,0,0,0
Nikola Tesla,Eternal Gear,0,0,0,0,0,0,0,0,0,0,0,0,0
Nikola Tesla,Ghost Lantern,0,0,0,0,0,0,0,0,0,0,0,24,0
Nikola Tesla,Gem of Archer,0,0,0,0,0,0,0,0,0,0,0,0,0
Nikola Tesla,Magic Gem of Archer,0,0,0,0,0,0,0,0,0,0,0,0,0
Nikola Tesla,Secret Gem of Archer,0,0,0,0,0,0,0,0,0,12,0,0,0
Nikola Tesla,Phoenix Feather,0,0,0,0,0,0,0,0,0,0,5,15,0
Nikola Tesla,Crystallized Lore,0,0,0,0,0,0,0,0,0,0,0,0,1
Altria Pendragon (Rider Alter),Rider Piece,0,0,0,0,0,0,0,0,0,0,0,0,0
Altria Pendragon (Rider Alter),Great Knight Medal,0,0,0,0,0,0,0,0,0,20,40,0,0
Altria Pendragon (Rider Alter),Rider Monument,0,0,0,0,0,0,0,0,0,0,0,0,0
Altria Pendragon (Rider Alter),Dragon's Reverse Scale,0,0,0,0,0,0,0,0,0,0,0,0,0
Altria Pendragon (Rider Alter),Shell of Reminiscence,0,0,0,0,0,0,0,0,0,0,0,0,0
Altria Pendragon (Rider Alter),Cursed Beast Gallstone,0,0,0,0,0,0,0,0,0,0,0,0,0
Altria Pendragon (Rider Alter),Gem of Rider,0,0,0,0,0,0,0,0,0,0,0,0,0
Altria Pendragon (Rider Alter),Magic Gem of Rider,0,0,0,0,0,0,0,0,0,0,0,0,0
Altria Pendragon (Rider Alter),Secret Gem of Rider,0,0,0,0,0,0,0,0,0,24,0,0,0
Altria Pendragon (Rider Alter),Dragon Fang,0,0,0,0,0,0,0,0,0,0,30,132,0
Altria Pendragon (Rider Alter),Meteor Horseshoe,0,0,0,0,0,0,0,0,0,0,0,72,0
Altria Pendragon (Rider Alter),Crystallized Lore,0,0,0,0,0,0,0,0,0,0,0,0,3
Merlin,Caster Piece,0,0,0,0,0,0,0,0,0,0,0,0,0
Merlin,Eternal Gear,0,0,0,0,0,0,0,0,0,0,0,0,0
Merlin,Caster Monument,0,0,0,0,0,0,0,0,0,0,0,0,0
Merlin,Forbidden Page,0,0,0,0,0,0,0,0,0,0,0,0,0
Merlin,Scarab of Wisdom,0,0,0,0,0,0,0,0,0,0,0,0,0
Merlin,Dragon's Reverse Scale,0,0,0,0,0,0,0,0,0,0,0,0,0
Merlin,Gem of Caster,0,0,0,0,0,0,0,0,0,0,0,0,0
Merlin,Magic Gem of Caster,0,0,0,0,0,0,0,0,0,0,0,0,0
Merlin,Secret Gem of Caster,0,0,0,0,0,0,0,0,0,0,0,0,0
Merlin,Spirit Root,0,0,0,0,0,0,0,0,0,0,0,0,0
Merlin,Heart of the Foreign God,0,0,0,0,0,0,0,0,0,0,0,0,0
Merlin,Crystallized Lore,0,0,0,0,0,0,0,0,0,0,0,0,0
Xuanzang Sanzang,Caster Piece,0,0,0,0,0,0,0,0,0,0,0,0,0
Xuanzang Sanzang,Seed of Yggdrasil,0,0,0,0,0,0,0,0,0,6,12,0,0
Xuanzang Sanzang,Caster Monument,0,0,0,0,0,0,0,0,0,0,0,0,0
Xuanzang Sanzang,Octuplet Crystals,0,0,0,0,0,0,0,0,0,0,0,0,0
Xuanzang Sanzang,Phoenix Feather,0,0,0,0,0,0,0,0,0,0,0,0,0
Xuanzang Sanzang,Spirit Root,0,0,0,0,0,0,0,0,0,0,0,0,0
Xuanzang Sanzang,Gem of Caster,0,0,0,0,0,0,0,0,0,0,0,0,0
Xuanzang Sanzang,Magic Gem of Caster,0,0,0,0,0,0,0,0,0,0,0,0,0
Xuanzang Sanzang,Secret Gem of Caster,0,0,0,0,0,0,0,0,0,12,0,0,0
Xuanzang Sanzang,Meteor Horseshoe,0,0,0,0,0,0,0,0,0,0,6,18,0
Xuanzang Sanzang,Forbidden Page,0,0,0,0,0,0,0,0,0,0,0,24,0
Xuanzang Sanzang,Crystallized Lore,0,0,0,0,0,0,0,0,0,0,0,0,1
First Hassan,Assassin Piece,0,0,0,0,0,0,0,0,0,0,0,0,0
First Hassan,Evil Bone,0,0,0,0,0,0,0,0,0,15,29,0,0
First Hassan,Assassin Monument,0,0,0,0,0,0,0,0,0,0,0,0,0
First Hassan,Fool's Chain,0,0,0,0,0,0,0,0,0,0,0,0,0
First Hassan,Cursed Beast Gallstone,0,0,0,0,0,0,0,0,0,0,0,0,0
First Hassan,Void's Dust,0,0,0,0,0,0,0,0,0,0,0,0,0
First Hassan,Gem of Assassin,0,0,0,0,0,0,0,0,0,0,0,0,0
First Hassan,Magic Gem of Assassin,0,0,0,0,0,0,0,0,0,0,0,0,0
First Hassan,Secret Gem of Assassin,0,0,0,0,0,0,0,0,0,12,0,0,0
First Hassan,Deadly Poisonous Needle,0,0,0,0,0,0,0,0,0,0,15,44,0
First Hassan,Ghost Lantern,0,0,0,0,0,0,0,0,0,0,0,24,0
First Hassan,Crystallized Lore,0,0,0,0,0,0,0,0,0,0,0,0,1
Sessyoin Kiara,Saber Piece,0,0,0,0,0,0,0,0,0,0,0,0,0
Sessyoin Kiara,Caster Piece,0,0,0,0,0,0,0,0,0,0,0,0,0
Sessyoin Kiara,Saber Monument,0,0,0,0,0,0,0,0,0,0,0,0,0
Sessyoin Kiara,Caster Monument,0,0,0,0,0,0,0,0,0,0,0,0,0
Sessyoin Kiara,Gem of Saber,0,0,0,0,0,12,0,0,0,0,0,0,0
Sessyoin Kiara,Gem of Caster,0,0,0,0,0,12,0,0,0,0,0,0,0
Sessyoin Kiara,Magic Gem of Saber,0,0,0,0,0,0,5,12,0,0,0,0,0
Sessyoin Kiara,Magic Gem of Caster,0,0,0,0,0,0,5,12,0,0,0,0,0
Sessyoin Kiara,Secret Gem of Saber,0,0,0,0,0,0,0,0,5,36,0,0,0
Sessyoin Kiara,Secret Gem of Caster,0,0,0,0,0,0,0,0,5,36,0,0,0
Sessyoin Kiara,Black Beast Grease,0,0,0,0,0,0,0,0,0,0,15,0,0
Sessyoin Kiara,Lamp of Evil-Sealing,0,0,0,0,0,0,0,0,0,0,15,0,0
Sessyoin Kiara,Cursed Beast Gallstone,0,0,0,0,0,0,0,0,0,0,0,27,0
Sessyoin Kiara,Heart of the Foreign God,0,0,0,0,0,0,0,0,0,0,0,27,0
Sessyoin Kiara,Crystallized Lore,0,0,0,0,0,0,0,0,0,0,0,0,3
Katsushika Hokusai,Dragon Fang,0,0,0,0,0,0,0,0,0,0,0,0,0
Katsushika Hokusai,Seed of Yggdrasil,0,0,0,0,0,0,0,0,0,0,0,0,0
Katsushika Hokusai,Phoenix Feather,0,0,0,0,0,0,0,0,0,0,0,0,0
Katsushika Hokusai,Meteor Horseshoe,0,0,0,0,0,0,0,0,0,0,0,0,0
Katsushika Hokusai,Primordial Lanugo,0,0,0,0,0,0,0,0,0,0,0,0,0
Katsushika Hokusai,Spirit Root,0,0,0,0,0,0,0,0,0,0,0,0,0
Katsushika Hokusai,Refined Magatama,0,0,0,0,0,0,0,0,0,0,0,0,0
Katsushika Hokusai,Scarab of Wisdom,0,0,0,0,0,0,0,0,0,0,0,0,0
Katsushika Hokusai,Evil Bone,0,0,0,0,0,0,0,0,0,0,0,0,0
Katsushika Hokusai,Void's Dust,0,0,0,0,0,0,0,0,0,0,0,0,0
Katsushika Hokusai,Forbidden Page,0,0,0,0,0,0,0,0,0,0,0,0,0
Katsushika Hokusai,Octuplet Crystals,0,0,0,0,0,0,0,0,0,0,0,0,0
Katsushika Hokusai,Ghost Lantern,0,0,0,0,0,0,0,0,0,0,0,0,0
Katsushika Hokusai,Black Beast Grease,0,0,0,0,0,0,0,0,0,30,0,0,0
Katsushika Hokusai,Dragon's Reverse Scale,0,0,0,0,0,0,0,0,0,0,30,0,0
Katsushika Hokusai,Cursed Beast Gallstone,0,0,0,0,0,0,0,0,0,0,0,30,0
Katsushika Hokusai,Crystallized Lore,0,0,0,0,0,0,0,0,0,0,0,0,2
Abigail Williams,Void's Dust,0,0,0,0,0,0,0,0,0,0,0,0,0
Abigail Williams,Forbidden Page,0,0,0,0,0,0,0,0,0,0,0,0,0
Abigail Williams,Serpent Jewel,0,0,0,0,0,0,0,0,0,0,0,0,0
Abigail Williams,Claw of Chaos,0,0,0,0,0,0,0,0,0,0,0,0,0
Abigail Williams,Black Beast Grease,0,0,0,0,0,0,0,0,0,0,0,0,0
Abigail Williams,Tearstone of Blood,0,0,0,0,0,0,0,0,0,0,0,0,0
Abigail Williams,Stake of Wailing Night,0,0,0,0,0,0,0,0,0,0,0,0,0
Abigail Williams,Cursed Beast Gallstone,0,0,0,0,0,0,0,0,0,0,0,0,0
Abigail Williams,Seed of Yggdrasil,0,0,0,0,0,0,0,0,0,0,0,0,0
Abigail Williams,Fool's Chain,0,0,0,0,0,0,0,0,0,0,0,0,0
Abigail Williams,Mystic Spinal Fluid,0,0,0,0,0,0,0,0,0,0,0,0,0
Abigail Williams,Homunculus Baby,0,0,0,0,0,0,0,0,0,0,0,0,0
Abigail Williams,Phoenix Feather,0,0,0,0,0,0,0,0,0,0,0,0,0
Abigail Williams,Lamp of Evil-Sealing,0,0,0,0,0,0,0,0,0,30,0,0,0
Abigail Williams,Spirit Root,0,0,0,0,0,0,0,0,0,0,30,0,0
Abigail Williams,Heart of the Foreign God,0,0,0,0,0,0,0,0,0,0,0,45,0
Abigail Williams,Crystallized Lore,0,0,0,0,0,0,0,0,0,0,0,0,3
Attila the San(ta),Santa Mustache,0,0,0,0,0,0,0,0,0,0,0,0,0
Attila the San(ta),Gem of Archer,0,0,0,0,0,0,0,0,0,0,0,0,0
Attila the San(ta),Magic Gem of Archer,0,0,0,0,0,0,0,0,0,0,0,0,0
Attila the San(ta),Seed of Yggdrasil,0,0,0,0,0,0,0,0,0,0,0,0,0
Attila the San(ta),Secret Gem of Archer,0,0,0,0,0,0,0,0,0,30,0,0,0
Attila the San(ta),Meteor Horseshoe,0,0,0,0,0,0,0,0,0,12,24,0,0
Attila the San(ta),Spirit Root,0,0,0,0,0,0,0,0,0,0,6,18,0
Attila the San(ta),Primordial Lanugo,0,0,0,0,0,0,0,0,0,0,0,36,0
Attila the San(ta),Crystallized Lore,0,0,0,0,0,0,0,0,0,0,0,0,3
Archer of Inferno,Archer Piece,0,0,0,0,0,0,0,0,0,0,0,0,0
Archer of Inferno,Meteor Horseshoe,0,0,0,0,0,0,0,0,0,12,24,0,0
Archer of Inferno,Archer Monument,0,0,0,0,0,0,0,0,0,0,0,0,0
Archer of Inferno,Phoenix Feather,0,0,0,0,0,0,0,0,0,0,0,0,0
Archer of Inferno,Refined Magatama,0,0,0,0,0,0,0,0,0,0,0,0,0
Archer of Inferno,Black Beast Grease,0,0,0,0,0,0,0,0,0,0,0,0,0
Archer of Inferno,Gem of Archer,0,0,0,0,0,0,0,0,0,0,0,0,0
Archer of Inferno,Magic Gem of Archer,0,0,0,0,0,0,0,0,0,0,0,0,0
Archer of Inferno,Secret Gem of Archer,0,0,0,0,0,0,0,0,0,30,0,0,0
Archer of Inferno,Mysterious Divine Wine,0,0,0,0,0,0,0,0,0,0,6,18,0
Archer of Inferno,Tearstone of Blood,0,0,0,0,0,0,0,0,0,0,0,36,0
Archer of Inferno,Crystallized Lore,0,0,0,0,0,0,0,0,0,0,0,0,3
Oda Nobunaga,Golden Skull,0,0,0,0,0,0,0,0,0,0,0,0,0
Oda Nobunaga,Gem of Archer,0,0,0,0,0,0,0,0,0,0,0,0,0
Oda Nobunaga,Magic Gem of Archer,0,0,0,0,0,0,0,0,0,0,0,0,0
Oda Nobunaga,Evil Bone,0,0,0,0,0,0,0,0,0,0,0,0,0
Oda Nobunaga,Secret Gem of Archer,0,0,0,0,0,0,0,0,0,30,0,0,0
Oda Nobunaga,Octuplet Crystals,0,0,0,0,0,0,0,0,0,12,24,0,0
Oda Nobunaga,Claw of Chaos,0,0,0,0,0,0,0,0,0,0,9,27,0
Oda Nobunaga,Heart of the Foreign God,0,0,0,0,0,0,0,0,0,0,0,24,0
Oda Nobunaga,Crystallized Lore,0,0,0,0,0,0,0,0,0,0,0,0,3
EMIYA,Archer Piece,0,0,0,0,0,0,0,0,0,0,0,0,0
EMIYA,Proof of Hero,0,0,0,0,0,0,0,0,0,36,72,0,0
EMIYA,Archer Monument,0,0,0,0,0,0,0,0,0,0,0,0,0
EMIYA,Eternal Gear,0,0,0,0,0,0,0,0,0,0,0,0,0
EMIYA,Heart of the Foreign God,0,0,0,0,0,0,0,0,0,0,0,0,0
EMIYA,Void's Dust,0,0,0,0,0,0,0,0,0,0,0,120,0
EMIYA,Gem of Archer,0,0,0,0,0,0,0,0,0,0,0,0,0
EMIYA,Magic Gem of Archer,0,0,0,0,0,0,0,0,0,0,0,0,0
EMIYA,Secret Gem of Archer,0,0,0,0,0,0,0,0,0,30,0,0,0
EMIYA,Phoenix Feather,0,0,0,0,0,0,0,0,0,0,12,36,0
EMIYA,Crystallized Lore,0,0,0,0,0,0,0,0,0,0,0,0,3
Jeanne d'Arc (Alter Santa Lily),Gilles de Rais Doll,0,0,0,0,0,0,0,0,0,0,0,0,0
Jeanne d'Arc (Alter Santa Lily),Gem of Lancer,0,0,0,0,0,0,0,0,0,0,0,0,0
Jeanne d'Arc (Alter Santa Lily),Magic Gem of Lancer,0,0,0,0,0,0,0,0,0,0,0,0,0
Jeanne d'Arc (Alter Santa Lily),Shell of Reminiscence,0,0,0,0,0,0,0,0,0,0,0,0,0
Jeanne d'Arc (Alter Santa Lily),Secret Gem of Lancer,0,0,0,0,0,0,0,0,0,30,0,0,0
Jeanne d'Arc (Alter Santa Lily),Seed of Yggdrasil,0,0,0,0,0,0,0,0,0,15,30,0,0
Jeanne d'Arc (Alter Santa Lily),Warhorse's Young Horn,0,0,0,0,0,0,0,0,0,0,9,27,0
Jeanne d'Arc (Alter Santa Lily),Spirit Root,0,0,0,0,0,0,0,0,0,0,0,24,0
Jeanne d'Arc (Alter Santa Lily),Crystallized Lore,0,0,0,0,0,0,0,0,0,0,0,0,3
Altria Pendragon (Lancer Alter),Lancer Piece,0,0,0,0,0,0,0,0,0,0,0,0,0
Altria Pendragon (Lancer Alter),Meteor Horseshoe,0,0,0,0,0,0,0,0,0,12,24,0,0
Altria Pendragon (Lancer Alter),Lancer Monument,0,0,0,0,0,0,0,0,0,0,0,0,0
Altria Pendragon (Lancer Alter),Phoenix Feather,0,0,0,0,0,0,0,0,0,0,0,0,0
Altria Pendragon (Lancer Alter),Dragon's Reverse Scale,0,0,0,0,0,0,0,0,0,0,0,0,0
Altria Pendragon (Lancer Alter),Heart of the Foreign God,0,0,0,0,0,0,0,0,0,0,0,24,0
Altria Pendragon (Lancer Alter),Gem of Lancer,0,0,0,0,0,0,0,0,0,0,0,0,0
Altria Pendragon (Lancer Alter),Magic Gem of Lancer,0,0,0,0,0,0,0,0,0,0,0,0,0
Altria Pendragon (Lancer Alter),Secret Gem of Lancer,0,0,0,0,0,0,0,0,0,30,0,0,0
Altria Pendragon (Lancer Alter),Dragon Fang,0,0,0,0,0,0,0,0,0,0,36,108,0
Altria Pendragon (Lancer Alter),Crystallized Lore,0,0,0,0,0,0,0,0,0,0,0,0,3
Elisabeth Bathory,Lancer Piece,0,0,0,0,0,0,0,0,0,0,0,0,0
Elisabeth Bathory,Dragon Fang,0,0,0,0,0,0,0,0,0,30,60,0,0
Elisabeth Bathory,Lancer Monument,0,0,0,0,0,0,0,0,0,0,0,0,0
Elisabeth Bathory,Dragon's Reverse Scale,0,0,0,0,0,0,0,0,0,0,0,0,0
Elisabeth Bathory,Claw of Chaos,0,0,0,0,0,0,0,0,0,0,0,0,0
Elisabeth Bathory,Phoenix Feather,0,0,0,0,0,0,0,0,0,0,0,48,0
Elisabeth Bathory,Gem of Lancer,0,0,0,0,0,0,0,0,0,0,0,0,0
Elisabeth Bathory,Magic Gem of Lancer,0,0,0,0,0,0,0,0,0,0,0,0,0
Elisabeth Bathory,Secret Gem of Lancer,0,0,0,0,0,0,0,0,0,30,0,0,0
Elisabeth Bathory,Forbidden Page,0,0,0,0,0,0,0,0,0,0,15,45,0
Elisabeth Bathory,Crystallized Lore,0,0,0,0,0,0,0,0,0,0,0,0,3
Ishtar (Rider),Golden Reed,0,0,0,0,0,0,0,0,0,0,0,0,0
Ishtar (Rider),Gem of Rider,0,0,0,0,0,0,0,0,0,0,0,0,0
Ishtar (Rider),Magic Gem of Rider,0,0,0,0,0,0,0,0,0,0,0,0,0
Ishtar (Rider),Shell of Reminiscence,0,0,0,0,0,0,0,0,0,0,0,0,0
Ishtar (Rider),Secret Gem of Rider,0,0,0,0,0,0,0,0,0,30,0,0,0
Ishtar (Rider),Primordial Lanugo,0,0,0,0,0,0,0,0,0,9,15,0,0
Ishtar (Rider),Scarab of Wisdom,0,0,0,0,0,0,0,0,0,0,6,18,0
Ishtar (Rider),Mysterious Divine Wine,0,0,0,0,0,0,0,0,0,0,0,24,0
Ishtar (Rider),Crystallized Lore,0,0,0,0,0,0,0,0,0,0,0,0,3
Sakata Kintoki (Rider),Golden Bear Lighter,0,0,0,0,0,0,0,0,0,0,0,0,0
Sakata Kintoki (Rider),Gem of Rider,0,0,0,0,0,0,0,0,0,0,0,0,0
Sakata Kintoki (Rider),Magic Gem of Rider,0,0,0,0,0,0,0,0,0,0,0,0,0
Sakata Kintoki (Rider),Octuplet Crystals,0,0,0,0,0,0,0,0,0,0,0,0,0
Sakata Kintoki (Rider),Secret Gem of Rider,0,0,0,0,0,0,0,0,0,10,0,0,0
Sakata Kintoki (Rider),Seed of Yggdrasil,0,0,0,0,0,0,0,0,0,5,20,0,0
Sakata Kintoki (Rider),Meteor Horseshoe,0,0,0,0,0,0,0,0,0,0,10,30,0
Sakata Kintoki (Rider),Warhorse's Young Horn,0,0,0,0,0,0,0,0,0,0,0,24,0
Sakata Kintoki (Rider),Crystallized Lore,0,0,0,0,0,0,0,0,0,0,0,0,3
Saint Martha,Rider Piece,0,0,0,0,0,0,0,0,0,0,0,0,0
Saint Martha,Dragon Fang,0,0,0,0,0,0,0,0,0,30,60,0,0
Saint Martha,Rider Monument,0,0,0,0,0,0,0,0,0,0,0,0,0
Saint Martha,Seed of Yggdrasil,0,0,0,0,0,0,0,0,0,0,0,0,0
Saint Martha,Claw of Chaos,0,0,0,0,0,0,0,0,0,0,0,0,0
Saint Martha,Dragon's Reverse Scale,0,0,0,0,0,0,0,0,0,0,0,24,0
Saint Martha,Gem of Rider,0,0,0,0,0,0,0,0,0,0,0,0,0
Saint Martha,Magic Gem of Rider,0,0,0,0,0,0,0,0,0,0,0,0,0
Saint Martha,Secret Gem of Rider,0,0,0,0,0,0,0,0,0,30,0,0,0
Saint Martha,Phoenix Feather,0,0,0,0,0,0,0,0,0,0,12,36,0
Saint Martha,Crystallized Lore,0,0,0,0,0,0,0,0,0,0,0,0,3
Gilgamesh (Caster),Caster Piece,0,0,0,0,0,0,0,0,0,0,0,0,0
Gilgamesh (Caster),Proof of Hero,0,0,0,0,0,0,0,0,0,36,72,0,0
Gilgamesh (Caster),Caster Monument,0,0,0,0,0,0,0,0,0,0,0,0,0
Gilgamesh (Caster),Forbidden Page,0,0,0,0,0,0,0,0,0,0,0,0,0
Gilgamesh (Caster),Primordial Lanugo,0,0,0,0,0,0,0,0,0,0,0,0,0
Gilgamesh (Caster),Scarab of Wisdom,0,0,0,0,0,0,0,0,0,0,0,0,0
Gilgamesh (Caster),Gem of Caster,0,0,0,0,0,0,0,0,0,0,0,0,0
Gilgamesh (Caster),Magic Gem of Caster,0,0,0,0,0,0,0,0,0,0,0,0,0
Gilgamesh (Caster),Secret Gem of Caster,0,0,0,0,0,0,0,0,0,30,0,0,0
Gilgamesh (Caster),Ghost Lantern,0,0,0,0,0,0,0,0,0,0,15,45,0
Gilgamesh (Caster),Deadly Poisonous Needle,0,0,0,0,0,0,0,0,0,0,0,144,0
Gilgamesh (Caster),Crystallized Lore,0,0,0,0,0,0,0,0,0,0,0,0,3
Nitocris,Caster Piece,0,0,0,0,0,0,0,0,0,0,0,0,0
Nitocris,Forbidden Page,0,0,0,0,0,0,0,0,0,8,16,0,0
Nitocris,Caster Monument,0,0,0,0,0,0,0,0,0,0,0,0,0
Nitocris,Fool's Chain,0,0,0,0,0,0,0,0,0,0,0,0,0
Nitocris,Scarab of Wisdom,0,0,0,0,0,0,0,0,0,0,0,0,0
Nitocris,Lamp of Evil-Sealing,0,0,0,0,0,0,0,0,0,0,0,0,0
Nitocris,Gem of Caster,0,0,0,0,0,0,0,0,0,0,0,0,0
Nitocris,Magic Gem of Caster,0,0,0,0,0,0,0,0,0,0,0,0,0
Nitocris,Secret Gem of Caster,0,0,0,0,0,0,0,0,0,20,0,0,0
Nitocris,Heart of the Foreign God,0,0,0,0,0,0,0,0,0,0,4,18,0
Nitocris,Evil Bone,0,0,0,0,0,0,0,0,0,0,0,180,0
Nitocris,Crystallized Lore,0,0,0,0,0,0,0,0,0,0,0,0,3
Assassin of Paraiso,Assassin Piece,0,0,0,0,0,0,0,0,0,0,0,0,0
Assassin of Paraiso,Deadly Poisonous Needle,0,0,0,0,0,0,0,0,0,30,60,0,0
Assassin of Paraiso,Assassin Monument,0,0,0,0,0,0,0,0,0,0,0,0,0
Assassin of Paraiso,Refined Magatama,0,0,0,0,0,0,0,0,0,0,0,0,0
Assassin of Paraiso,Spirit Root,0,0,0,0,0,0,0,0,0,0,0,0,0
Assassin of Paraiso,Cursed Beast Gallstone,0,0,0,0,0,0,0,0,0,0,0,0,0
Assassin of Paraiso,Gem of Assassin,0,0,0,0,0,0,0,0,0,0,0,0,0
Assassin of Paraiso,Magic Gem of Assassin,0,0,0,0,0,0,0,0,0,0,0,0,0
Assassin of Paraiso,Secret Gem of Assassin,0,0,0,0,0,0,0,0,0,30,0,0,0
Assassin of Paraiso,Claw of Chaos,0,0,0,0,0,0,0,0,0,0,9,27,0
Assassin of Paraiso,Void's Dust,0,0,0,0,0,0,0,0,0,0,0,120,0
Assassin of Paraiso,Crystallized Lore,0,0,0,0,0,0,0,0,0,0,0,0,3
Scathach (Assassin),Bell-Ringing Branch,0,0,0,0,0,0,0,0,0,0,0,0,0
Scathach (Assassin),Gem of Assassin,0,0,0,0,0,0,0,0,0,0,0,0,0
Scathach (Assassin),Magic Gem of Assassin,0,0,0,0,0,0,0,0,0,0,0,0,0
Scathach (Assassin),Seed of Yggdrasil,0,0,0,0,0,0,0,0,0,0,0,0,0
Scathach (Assassin),Secret Gem of Assassin,0,0,0,0,0,0,0,0,0,30,0,0,0
Scathach (Assassin),Shell of Reminiscence,0,0,0,0,0,0,0,0,0,12,24,0,0
Scathach (Assassin),Spirit Root,0,0,0,0,0,0,0,0,0,0,6,18,0
Scathach (Assassin),Scarab of Wisdom,0,0,0,0,0,0,0,0,0,0,0,24,0
Scathach (Assassin),Crystallized Lore,0,0,0,0,0,0,0,0,0,0,0,0,3
Chacha,Piece of Ranjatai,0,0,0,0,0,0,0,0,0,0,0,0,0
Chacha,Gem of Berserker,0,0,0,0,12,30,0,0,0,0,0,0,0
Chacha,Magic Gem of Berserker,0,0,0,0,0,0,12,30,0,0,0,0,0
Chacha,Octuplet Crystals,0,0,0,0,0,0,0,12,24,0,0,0,0
Chacha,Secret Gem of Berserker,0,0,0,0,0,0,0,0,12,30,0,0,0
Chacha,Phoenix Feather,0,0,0,0,0,0,0,0,0,12,21,0,0
Chacha,Lamp of Evil-Sealing,0,0,0,0,0,0,0,0,0,0,9,27,0
Chacha,Scarab of Wisdom,0,0,0,0,0,0,0,0,0,0,0,24,0
Chacha,Crystallized Lore,0,0,0,0,0,0,0,0,0,0,0,0,3
Heracles,Berserker Piece,0,0,0,0,0,0,0,0,0,0,0,0,0
Heracles,Octuplet Crystals,0,0,0,0,0,0,0,0,0,4,16,0,0
Heracles,Berserker Monument,0,0,0,0,0,0,0,0,0,0,0,0,0
Heracles,Claw of Chaos,0,0,0,0,0,0,0,0,0,0,0,0,0
Heracles,Heart of the Foreign God,0,0,0,0,0,0,0,0,0,0,0,0,0
Heracles,Dragon's Reverse Scale,0,0,0,0,0,0,0,0,0,0,0,24,0
Heracles,Gem of Berserker,0,0,0,0,0,0,0,0,0,0,0,0,0
Heracles,Magic Gem of Berserker,0,0,0,0,0,0,0,0,0,0,0,0,0
Heracles,Secret Gem of Berserker,0,0,0,0,0,0,0,0,0,10,0,0,0
Heracles,Proof of Hero,0,0,0,0,0,0,0,0,0,0,30,135,0
Heracles,Crystallized Lore,0,0,0,0,0,0,0,0,0,0,0,0,3
Saint Martha (Ruler),Saber Piece,0,0,0,0,0,0,0,0,0,0,0,0,0
Saint Martha (Ruler),Rider Piece,0,0,0,0,0,0,0,0,0,0,0,0,0
Saint Martha (Ruler),Berserker Piece,0,0,0,0,0,0,0,0,0,0,0,0,0
Saint Martha (Ruler),Archer Piece,0,0,0,0,0,0,0,0,0,0,0,0,0
Saint Martha (Ruler),Lancer Piece,0,0,0,0,0,0,0,0,0,0,0,0,0
Saint Martha (Ruler),Caster Piece,0,0,0,0,0,0,0,0,0,0,0,0,0
Saint Martha (Ruler),Assassin Piece,0,0,0,0,0,0,0,0,0,0,0,0,0
Saint Martha (Ruler),Saber Monument,0,0,0,0,0,0,0,0,0,0,0,0,0
Saint Martha (Ruler),Rider Monument,0,0,0,0,0,0,0,0,0,0,0,0,0
Saint Martha (Ruler),Berserker Monument,0,0,0,0,0,0,0,0,0,0,0,0,0
Saint Martha (Ruler),Archer Monument,0,0,0,0,0,0,0,0,0,0,0,0,0
Saint Martha (Ruler),Lancer Monument,0,0,0,0,0,0,0,0,0,0,0,0,0
Saint Martha (Ruler),Caster Monument,0,0,0,0,0,0,0,0,0,0,0,0,0
Saint Martha (Ruler),Assassin Monument,0,0,0,0,0,0,0,0,0,0,0,0,0
Saint Martha (Ruler),Gem of Saber,0,0,0,0,0,0,0,0,0,0,0,0,0
Saint Martha (Ruler),Gem of Rider,0,0,0,0,0,0,0,0,0,0,0,0,0
Saint Martha (Ruler),Gem of Berserker,0,0,0,0,0,0,0,0,0,0,0,0,0
Saint Martha (Ruler),Gem of Archer,0,0,0,0,0,4,0,0,0,0,0,0,0
Saint Martha (Ruler),Gem of Lancer,0,0,0,0,0,4,0,0,0,0,0,0,0
Saint Martha (Ruler),Gem of Caster,0,0,0,0,0,4,0,0,0,0,0,0,0
Saint Martha (Ruler),Gem of Assassin,0,0,0,0,0,4,0,0,0,0,0,0,0
Saint Martha (Ruler),Magic Gem of Saber,0,0,0,0,0,0,4,0,0,0,0,0,0
Saint Martha (Ruler),Magic Gem of Rider,0,0,0,0,0,0,4,0,0,0,0,0,0
Saint Martha (Ruler),Magic Gem of Berserker,0,0,0,0,0,0,4,0,0,0,0,0,0
Saint Martha (Ruler),Magic Gem of Archer,0,0,0,0,0,0,0,4,0,0,0,0,0
Saint Martha (Ruler),Magic Gem of Lancer,0,0,0,0,0,0,0,4,0,0,0,0,0
Saint Martha (Ruler),Magic Gem of Caster,0,0,0,0,0,0,0,4,0,0,0,0,0
Saint Martha (Ruler),Magic Gem of Assassin,0,0,0,0,0,0,0,4,0,0,0,0,0
Saint Martha (Ruler),Secret Gem of Saber,0,0,0,0,0,0,0,0,4,0,0,0,0
Saint Martha (Ruler),Secret Gem of Rider,0,0,0,0,0,0,0,0,4,0,0,0,0
Saint Martha (Ruler),Secret Gem of Berserker,0,0,0,0,0,0,0,0,4,0,0,0,0
Saint Martha (Ruler),Secret Gem of Archer,0,0,0,0,0,0,0,0,0,12,0,0,0
Saint Martha (Ruler),Secret Gem of Lancer,0,0,0,0,0,0,0,0,0,12,0,0,0
Saint Martha (Ruler),Secret Gem of Caster,0,0,0,0,0,0,0,0,0,12,0,0,0
Saint Martha (Ruler),Secret Gem of Assassin,0,0,0,0,0,0,0,0,0,12,0,0,0
Saint Martha (Ruler),Tearstone of Blood,0,0,0,0,0,0,0,0,0,0,18,0,0
Saint Martha (Ruler),Dragon's Reverse Scale,0,0,0,0,0,0,0,0,0,0,0,36,0
Saint Martha (Ruler),Crystallized Lore,0,0,0,0,0,0,0,0,0,0,0,0,3
Gorgon,Serpent Jewel,0,0,0,0,0,0,0,0,0,0,0,0,0
Gorgon,Evil Bone,0,0,0,0,0,0,0,0,0,0,0,0,0
Gorgon,Deadly Poisonous Needle,0,0,0,0,0,0,0,0,0,0,0,0,0
Gorgon,Fool's Chain,0,0,0,0,0,0,0,0,0,0,0,0,0
Gorgon,Primordial Lanugo,0,0,0,0,0,0,0,0,0,24,0,0,0
Gorgon,Void's Dust,0,0,0,0,0,0,0,0,0,0,0,0,0
Gorgon,Cursed Beast Gallstone,0,0,0,0,0,0,0,0,0,0,0,24,0
Gorgon,Claw of Chaos,0,0,0,0,0,0,0,0,0,0,0,0,0
Gorgon,Tearstone of Blood,0,0,0,0,0,0,0,0,0,0,0,0,0
Gorgon,Heart of the Foreign God,0,0,0,0,0,0,0,0,0,0,24,0,0
Gorgon,Crystallized Lore,0,0,0,0,0,0,0,0,0,0,0,0,3
Mecha Eli-chan,B Pellet,0,0,0,0,0,0,0,0,0,0,0,0,0
Mecha Eli-chan,Gem of Rider,0,0,0,0,0,0,0,0,0,0,0,0,0
Mecha Eli-chan,Gem of Berserker,0,0,0,0,0,0,0,0,0,0,0,0,0
Mecha Eli-chan,Magic Gem of Rider,0,0,0,0,0,0,0,0,0,0,0,0,0
Mecha Eli-chan,Magic Gem of Berserker,0,0,0,0,0,0,0,0,0,0,0,0,0
Mecha Eli-chan,Secret Gem of Rider,0,0,0,0,0,0,0,0,0,30,0,0,0
Mecha Eli-chan,Secret Gem of Berserker,0,0,0,0,0,0,0,0,0,30,0,0,0
Mecha Eli-chan,Tearstone of Blood,0,0,0,0,0,0,0,0,0,0,12,0,0
Mecha Eli-chan,Black Beast Grease,0,0,0,0,0,0,0,0,0,0,12,0,0
Mecha Eli-chan,Dragon's Reverse Scale,0,0,0,0,0,0,0,0,0,0,0,21,0
Mecha Eli-chan,Mysterious Divine Wine,0,0,0,0,0,0,0,0,0,0,0,21,0
Mecha Eli-chan,Crystallized Lore,0,0,0,0,0,0,0,0,0,0,0,0,3
BB,Ribbon of Reminiscenceâ€‹,0,0,0,0,0,0,0,0,0,0,0,0,0
BB,Gem of Caster,0,0,0,0,0,0,0,0,0,0,0,0,0
BB,Gem of Rider,0,0,0,0,0,0,0,0,0,0,0,0,0
BB,Magic Gem of Caster,0,0,0,0,0,0,0,0,0,0,0,0,0
BB,Magic Gem of Rider,0,0,0,0,0,0,0,0,0,0,0,0,0
BB,Secret Gem of Caster,0,0,0,0,0,0,0,0,0,20,0,0,0
BB,Secret Gem of Rider,0,0,0,0,0,0,0,0,0,20,0,0,0
BB,Primordial Lanugo,0,0,0,0,0,0,0,0,0,0,8,0,0
BB,Lamp of Evil-Sealing,0,0,0,0,0,0,0,0,0,0,8,0,0
BB,Spirit Root,0,0,0,0,0,0,0,0,0,0,0,14,0
BB,Scarab of Wisdom,0,0,0,0,0,0,0,0,0,0,0,14,0
BB,Crystallized Lore,0,0,0,0,0,0,0,0,0,0,0,0,2
Mash Kyrielight,Proof of Hero,0,0,0,0,0,0,0,0,0,0,0,0,0
Mash Kyrielight,Dragon Fang,0,0,0,0,0,0,0,0,0,0,0,0,0
Mash Kyrielight,Seed of Yggdrasil,0,0,0,0,0,0,0,0,0,0,0,0,0
Mash Kyrielight,Octuplet Crystals,0,0,0,0,0,0,0,0,0,0,0,0,0
Mash Kyrielight,Void's Dust,0,0,0,0,0,0,0,0,0,0,0,0,0
Mash Kyrielight,Eternal Gear,0,0,0,0,0,0,0,0,0,5,0,0,0
Mash Kyrielight,Phoenix Feather,0,0,0,0,0,0,0,0,0,0,5,0,0
Mash Kyrielight,Dragon's Reverse Scale,0,0,0,0,0,0,0,0,0,0,0,10,0
Mash Kyrielight,Crystallized Lore,0,0,0,0,0,0,0,0,0,0,0,0,3
Caster of Midrash,Caster Piece,0,0,0,0,0,0,0,0,0,0,0,0,0
Caster of Midrash,Phoenix Feather,0,0,0,0,0,0,0,0,0,12,21,0,0
Caster of Midrash,Caster Monument,0,0,0,0,0,0,0,0,0,0,0,0,0
Caster of Midrash,Stake of Wailing Night,0,0,0,0,0,0,0,24,48,0,0,0,0
Caster of Midrash,Serpent Jewel,0,0,0,0,0,0,0,0,0,0,0,0,0
Caster of Midrash,Lamp of Evil-Sealing,0,0,0,0,0,0,0,0,0,0,0,0,0
Caster of Midrash,Gem of Caster,0,0,0,0,0,0,0,0,0,0,0,0,0
Caster of Midrash,Magic Gem of Caster,0,0,0,0,0,0,0,20,0,0,0,0,0
Caster of Midrash,Secret Gem of Caster,0,0,0,0,0,0,0,0,8,30,0,0,0
Caster of Midrash,Fool's Chain,0,0,0,0,0,0,0,0,0,0,45,135,0
Caster of Midrash,Scarab of Wisdom,0,0,0,0,0,0,0,0,0,0,0,24,0
Caster of Midrash,Crystallized Lore,0,0,0,0,0,0,0,0,0,0,0,0,3
Frankenstein,Berserker Piece,0,0,0,0,0,0,0,0,0,0,0,0,0
Frankenstein,Homunculus Baby,0,0,0,0,0,0,0,0,0,12,24,0,0
Frankenstein,Berserker Monument,0,0,0,0,0,0,0,0,0,0,0,0,0
Frankenstein,Ghost Lantern,0,0,0,0,0,0,0,0,0,0,0,0,0
Frankenstein,Evil Bone,0,0,0,0,0,0,0,12,48,0,0,0,0
Frankenstein,Eternal Gear,0,0,0,0,0,0,0,0,0,0,0,60,0
Frankenstein,Gem of Berserker,0,0,0,0,0,0,0,0,0,0,0,0,0
Frankenstein,Magic Gem of Berserker,0,0,0,0,0,0,0,10,0,0,0,0,0
Frankenstein,Secret Gem of Berserker,0,0,0,0,0,0,0,0,8,30,0,0,0
Frankenstein,Octuplet Crystals,0,0,0,0,0,0,0,0,0,0,15,45,0
Frankenstein,Crystallized Lore,0,0,0,0,0,0,0,0,0,0,0,0,3
Karna,Lancer Piece,0,0,0,0,0,0,0,0,0,0,0,0,0
Karna,Octuplet Crystals,0,0,0,0,0,0,0,0,0,5,20,0,0
Karna,Lancer Monument,0,0,0,12,0,0,0,0,0,0,0,0,0
Karna,Eternal Gear,0,0,0,0,0,0,0,5,10,0,0,0,0
Karna,Phoenix Feather,0,0,0,8,0,0,0,0,0,0,0,0,0
Karna,Heart of the Foreign God,0,0,0,5,0,0,0,0,0,0,0,20,0
Karna,Gem of Lancer,0,0,0,0,0,0,0,0,0,0,0,0,0
Karna,Magic Gem of Lancer,0,0,0,0,0,0,0,12,0,0,0,0,0
Karna,Secret Gem of Lancer,0,0,0,0,0,0,0,0,5,12,0,0,0
Karna,Proof of Hero,0,0,0,0,0,0,0,0,0,0,36,108,0
Karna,Crystallized Lore,0,0,0,0,0,0,0,0,0,0,0,0,2
Passionlip,Archer Piece,0,0,0,0,0,0,0,0,0,0,0,0,0
Passionlip,Berserker Piece,0,0,0,0,0,0,0,0,0,0,0,0,0
Passionlip,Archer Monument,0,0,0,0,0,0,0,0,0,0,0,0,0
Passionlip,Berserker Monument,0,0,0,0,0,0,0,0,0,0,0,0,0
Passionlip,Gem of Archer,0,0,0,0,12,30,0,0,0,0,0,0,0
Passionlip,Gem of Berserker,0,0,0,0,12,30,0,0,0,0,0,0,0
Passionlip,Magic Gem of Archer,0,0,0,0,0,0,12,30,0,0,0,0,0
Passionlip,Magic Gem of Berserker,0,0,0,0,0,0,12,30,0,0,0,0,0
Passionlip,Secret Gem of Archer,0,0,0,0,0,0,0,0,12,30,0,0,0
Passionlip,Secret Gem of Berserker,0,0,0,0,0,0,0,0,12,30,0,0,0
Passionlip,Tearstone of Blood,0,0,0,0,0,0,0,0,0,0,12,0,0
Passionlip,Claw of Chaos,0,0,0,0,0,0,0,0,0,0,12,0,0
Passionlip,Spirit Root,0,0,0,0,0,0,0,0,0,0,0,21,0
Passionlip,Cursed Beast Gallstone,0,0,0,0,0,0,0,0,0,0,0,21,0
Passionlip,Crystallized Lore,0,0,0,0,0,0,0,0,0,0,0,0,3
Bedivere,Saber Piece,0,0,0,0,0,0,0,0,0,0,0,0,0
Bedivere,Proof of Hero,0,0,0,0,0,0,0,0,0,30,60,0,0
Bedivere,Saber Monument,0,0,0,0,0,0,0,0,0,0,0,0,0
Bedivere,Eternal Gear,0,0,0,0,0,0,0,0,0,0,0,0,0
Bedivere,Void's Dust,0,0,0,0,0,0,0,7,13,0,0,0,0
Bedivere,Great Knight Medal,0,0,0,0,0,0,0,0,0,0,0,0,0
Bedivere,Gem of Saber,0,0,0,0,4,8,0,0,0,0,0,0,0
Bedivere,Magic Gem of Saber,0,0,0,0,0,0,4,8,0,0,0,0,0
Bedivere,Secret Gem of Saber,0,0,0,0,0,0,0,0,4,24,0,0,0
Bedivere,Fool's Chain,0,0,0,0,0,0,0,0,0,0,36,108,0
Bedivere,Tearstone of Blood,0,0,0,0,0,0,0,0,0,0,0,30,0
Bedivere,Crystallized Lore,0,0,0,0,0,0,0,0,0,0,0,0,3
Fergus mac Roich,Saber Piece,0,0,0,0,0,0,0,0,0,0,0,0,0
Fergus mac Roich,Proof of Hero,0,0,0,0,0,0,0,0,0,30,60,0,0
Fergus mac Roich,Saber Monument,0,0,0,0,0,0,0,0,0,0,0,0,0
Fergus mac Roich,Octuplet Crystals,0,0,0,0,0,0,0,12,21,0,0,0,0
Fergus mac Roich,Heart of the Foreign God,0,0,0,0,0,0,0,0,0,0,0,0,0
Fergus mac Roich,Meteor Horseshoe,0,0,0,0,0,0,0,0,0,0,0,48,0
Fergus mac Roich,Gem of Saber,0,0,0,0,0,8,0,0,0,0,0,0,0
Fergus mac Roich,Magic Gem of Saber,0,0,0,0,0,0,4,24,0,0,0,0,0
Fergus mac Roich,Secret Gem of Saber,0,0,0,0,0,0,0,0,12,24,0,0,0
Fergus mac Roich,Seed of Yggdrasil,0,0,0,0,0,0,0,0,0,0,15,45,0
Fergus mac Roich,Crystallized Lore,0,0,0,0,0,0,0,0,0,0,0,0,3
Gaius Julius Caesar,Saber Piece,0,0,0,0,0,0,0,0,0,0,0,0,0
Gaius Julius Caesar,Proof of Hero,0,0,0,0,0,0,0,0,0,30,60,0,0
Gaius Julius Caesar,Saber Monument,0,0,0,0,0,0,0,0,0,0,0,0,0
Gaius Julius Caesar,Eternal Gear,0,0,0,0,0,0,0,8,14,0,0,0,0
Gaius Julius Caesar,Forbidden Page,0,0,0,0,0,0,0,0,0,0,0,0,0
Gaius Julius Caesar,Claw of Chaos,0,0,0,0,0,0,0,0,0,0,0,30,0
Gaius Julius Caesar,Gem of Saber,0,0,0,0,4,16,0,0,0,0,0,0,0
Gaius Julius Caesar,Magic Gem of Saber,0,0,0,0,0,0,8,16,0,0,0,0,0
Gaius Julius Caesar,Secret Gem of Saber,0,0,0,0,0,0,0,0,8,24,0,0,0
Gaius Julius Caesar,Meteor Horseshoe,0,0,0,0,0,0,0,0,0,0,12,36,0
Gaius Julius Caesar,Crystallized Lore,0,0,0,0,0,0,0,0,0,0,0,0,3
David,Archer Piece,0,0,0,0,0,0,0,0,0,0,0,0,0
David,Void's Dust,0,0,0,0,0,0,0,0,0,21,39,0,0
David,Archer Monument,0,0,0,0,0,0,0,0,0,0,0,0,0
David,Homunculus Baby,0,0,0,0,0,0,0,12,21,0,0,0,0
David,Heart of the Foreign God,0,0,0,0,0,0,0,0,0,0,0,0,0
David,Octuplet Crystals,0,0,0,0,0,0,0,0,0,0,0,48,0
David,Gem of Archer,0,0,0,0,4,16,0,0,0,0,0,0,0
David,Magic Gem of Archer,0,0,0,0,0,0,8,24,0,0,0,0,0
David,Secret Gem of Archer,0,0,0,0,0,0,0,0,12,24,0,0,0
David,Proof of Hero,0,0,0,0,0,0,0,0,0,0,36,108,0
David,Crystallized Lore,0,0,0,0,0,0,0,0,0,0,0,0,3
Euryale,Archer Piece,0,0,0,0,0,0,0,0,0,0,0,0,0
Euryale,Serpent Jewel,0,0,0,0,0,0,0,0,0,9,18,0,0
Euryale,Archer Monument,0,0,0,0,0,0,0,0,0,0,0,0,0
Euryale,Dragon's Reverse Scale,0,0,0,0,0,0,0,4,6,0,0,0,0
Euryale,Void's Dust,0,0,0,0,0,0,0,0,0,0,0,0,0
Euryale,Heart of the Foreign God,0,0,0,0,0,0,0,0,0,0,0,21,0
Euryale,Gem of Archer,0,0,0,0,4,8,0,0,0,0,0,0,0
Euryale,Magic Gem of Archer,0,0,0,0,0,0,4,16,0,0,0,0,0
Euryale,Secret Gem of Archer,0,0,0,0,0,0,0,0,8,24,0,0,0
Euryale,Claw of Chaos,0,0,0,0,0,0,0,0,0,0,9,24,0
Euryale,Crystallized Lore,0,0,0,0,0,0,0,0,0,0,0,0,3
Robin Hood,Archer Piece,0,0,0,0,0,0,0,0,0,0,0,0,0
Robin Hood,Seed of Yggdrasil,0,0,0,0,0,0,0,0,0,12,24,0,0
Robin Hood,Archer Monument,0,0,0,0,0,0,0,0,0,0,0,0,0
Robin Hood,Serpent Jewel,0,0,0,0,0,0,0,9,18,0,0,0,0
Robin Hood,Dragon Fang,0,0,0,0,0,0,0,0,0,0,0,0,0
Robin Hood,Void's Dust,0,0,0,0,0,0,0,0,0,0,0,96,0
Robin Hood,Gem of Archer,0,0,0,0,12,24,0,0,0,0,0,0,0
Robin Hood,Magic Gem of Archer,0,0,0,0,0,0,12,24,0,0,0,0,0
Robin Hood,Secret Gem of Archer,0,0,0,0,0,0,0,0,12,24,0,0,0
Robin Hood,Phoenix Feather,0,0,0,0,0,0,0,0,0,0,12,30,0
Robin Hood,Crystallized Lore,0,0,0,0,0,0,0,0,0,0,0,0,3
Jaguar Warrior,Lancer Piece,0,0,0,0,0,0,0,0,0,0,0,0,0
Jaguar Warrior,Seed of Yggdrasil,0,0,0,0,0,0,0,0,0,12,24,0,0
Jaguar Warrior,Lancer Monument,0,0,0,0,0,0,0,0,0,0,0,0,0
Jaguar Warrior,Claw of Chaos,0,0,0,0,0,0,0,6,12,0,0,0,0
Jaguar Warrior,Black Beast Grease,0,0,0,0,0,0,0,0,0,0,0,0,0
Jaguar Warrior,Primordial Lanugo,0,0,0,0,0,0,0,0,0,0,0,0,0
Jaguar Warrior,Gem of Lancer,0,0,0,0,12,24,0,0,0,0,0,0,0
Jaguar Warrior,Magic Gem of Lancer,0,0,0,0,0,0,12,24,0,0,0,0,0
Jaguar Warrior,Secret Gem of Lancer,0,0,0,0,0,0,0,0,12,24,0,0,0
Jaguar Warrior,Cursed Beast Gallstone,0,0,0,0,0,0,0,0,0,0,6,15,0
Jaguar Warrior,Warhorse's Young Horn,0,0,0,0,0,0,0,0,0,0,0,30,0
Jaguar Warrior,Crystallized Lore,0,0,0,0,0,0,0,0,0,0,0,0,3
Cu Chulainn,Lancer Piece,0,0,0,0,0,0,0,0,0,0,0,0,0
Cu Chulainn,Claw of Chaos,0,0,0,0,0,0,0,0,0,6,12,0,0
Cu Chulainn,Lancer Monument,0,0,0,0,0,0,0,0,0,0,0,0,0
Cu Chulainn,Seed of Yggdrasil,0,0,0,0,0,0,0,12,24,0,0,0,0
Cu Chulainn,Octuplet Crystals,0,0,0,0,0,0,0,0,0,0,0,0,0
Cu Chulainn,Phoenix Feather,0,0,0,0,0,0,0,0,0,0,0,39,0
Cu Chulainn,Gem of Lancer,0,0,0,0,8,24,0,0,0,0,0,0,0
Cu Chulainn,Magic Gem of Lancer,0,0,0,0,0,0,12,24,0,0,0,0,0
Cu Chulainn,Secret Gem of Lancer,0,0,0,0,0,0,0,0,12,24,0,0,0
Cu Chulainn,Proof of Hero,0,0,0,0,0,0,0,0,0,0,36,108,0
Cu Chulainn,Crystallized Lore,0,0,0,0,0,0,0,0,0,0,0,0,3
Ushiwakamaru,Rider Piece,0,0,0,0,0,0,0,0,0,0,0,0,0
Ushiwakamaru,Proof of Hero,0,0,0,0,0,0,0,0,0,20,40,0,0
Ushiwakamaru,Rider Monument,0,0,0,0,0,0,0,0,0,0,0,0,0
Ushiwakamaru,Meteor Horseshoe,0,0,0,0,0,0,0,8,14,0,0,0,0
Ushiwakamaru,Ghost Lantern,0,0,0,0,0,0,0,0,0,0,0,0,0
Ushiwakamaru,Octuplet Crystals,0,0,0,0,0,0,0,0,0,0,0,48,0
Ushiwakamaru,Gem of Rider,0,0,0,0,4,8,0,0,0,0,0,0,0
Ushiwakamaru,Magic Gem of Rider,0,0,0,0,0,0,4,16,0,0,0,0,0
Ushiwakamaru,Secret Gem of Rider,0,0,0,0,0,0,0,0,8,16,0,0,0
Ushiwakamaru,Eternal Gear,0,0,0,0,0,0,0,0,0,0,8,36,0
Ushiwakamaru,Crystallized Lore,0,0,0,0,0,0,0,0,0,0,0,0,3
Medusa,Rider Piece,0,0,0,0,0,0,0,0,0,0,0,0,0
Medusa,Serpent Jewel,0,0,0,0,0,0,0,0,0,9,18,0,0
Medusa,Rider Monument,0,0,0,0,0,0,0,0,0,0,0,0,0
Medusa,Void's Dust,0,0,0,0,0,0,0,21,39,0,0,0,0
Medusa,Meteor Horseshoe,0,0,0,0,0,0,0,0,0,0,0,0,0
Medusa,Phoenix Feather,0,0,0,0,0,0,0,0,0,0,0,39,0
Medusa,Gem of Rider,0,0,0,0,8,24,0,0,0,0,0,0,0
Medusa,Magic Gem of Rider,0,0,0,0,0,0,12,24,0,0,0,0,0
Medusa,Secret Gem of Rider,0,0,0,0,0,0,0,0,12,24,0,0,0
Medusa,Heart of the Foreign God,0,0,0,0,0,0,0,0,0,0,6,15,0
Medusa,Crystallized Lore,0,0,0,0,0,0,0,0,0,0,0,0,3
Nursery Rhyme,Caster Piece,0,0,0,0,0,0,0,0,0,0,0,0,0
Nursery Rhyme,Seed of Yggdrasil,0,0,0,0,0,0,0,0,0,15,30,0,0
Nursery Rhyme,Caster Monument,0,0,0,0,0,0,0,0,0,0,0,0,0
Nursery Rhyme,Forbidden Page,0,0,0,0,0,0,0,0,0,0,0,0,0
Nursery Rhyme,Ghost Lantern,0,0,0,0,0,0,0,12,24,0,0,0,0
Nursery Rhyme,Phoenix Feather,0,0,0,0,0,0,0,0,0,0,0,48,0
Nursery Rhyme,Gem of Caster,0,0,0,0,12,30,0,0,0,0,0,0,0
Nursery Rhyme,Magic Gem of Caster,0,0,0,0,0,0,12,30,0,0,0,0,0
Nursery Rhyme,Secret Gem of Caster,0,0,0,0,0,0,0,0,12,30,0,0,0
Nursery Rhyme,Homunculus Baby,0,0,0,0,0,0,0,0,0,0,15,45,0
Nursery Rhyme,Crystallized Lore,0,0,0,0,0,0,0,0,0,0,0,0,3
Medea,Caster Piece,0,0,0,0,0,0,0,0,0,0,0,0,0
Medea,Dragon Fang,0,0,0,0,0,0,0,0,0,24,48,0,0
Medea,Caster Monument,0,0,0,0,0,0,0,0,0,0,0,0,0
Medea,Void's Dust,0,0,0,0,0,0,0,21,39,0,0,0,0
Medea,Heart of the Foreign God,0,0,0,0,0,0,0,0,0,0,0,0,0
Medea,Forbidden Page,0,0,0,0,0,0,0,0,0,0,0,48,0
Medea,Gem of Caster,0,0,0,0,12,24,0,0,0,0,0,0,0
Medea,Magic Gem of Caster,0,0,0,0,0,0,12,24,0,0,0,0,0
Medea,Secret Gem of Caster,0,0,0,0,0,0,0,0,12,24,0,0,0
Medea,Ghost Lantern,0,0,0,0,0,0,0,0,0,0,12,36,0
Medea,Crystallized Lore,0,0,0,0,0,0,0,0,0,0,0,0,3
Fuuma Kotarou,Assassin Piece,0,0,0,0,0,0,0,0,0,0,0,0,0
Fuuma Kotarou,Evil Bone,0,0,0,0,0,0,0,0,0,30,60,0,0
Fuuma Kotarou,Assassin Monument,0,0,0,0,0,0,0,0,0,0,0,0,0
Fuuma Kotarou,Void's Dust,0,0,0,0,0,0,0,21,39,0,0,0,0
Fuuma Kotarou,Octuplet Crystals,0,0,0,0,0,0,0,0,0,0,0,0,0
Fuuma Kotarou,Black Beast Grease,0,0,0,0,0,0,0,0,0,0,0,0,0
Fuuma Kotarou,Gem of Assassin,0,0,0,0,12,24,0,0,0,0,0,0,0
Fuuma Kotarou,Magic Gem of Assassin,0,0,0,0,0,0,12,24,0,0,0,0,0
Fuuma Kotarou,Secret Gem of Assassin,0,0,0,0,0,0,0,0,12,24,0,0,0
Fuuma Kotarou,Seed of Yggdrasil,0,0,0,0,0,0,0,0,0,0,15,45,0
Fuuma Kotarou,Claw of Chaos,0,0,0,0,0,0,0,0,0,0,0,30,0
Fuuma Kotarou,Crystallized Lore,0,0,0,0,0,0,0,0,0,0,0,0,3
Lu Bu Fengxian,Berserker Piece,0,0,0,0,0,0,0,0,0,0,0,0,0
Lu Bu Fengxian,Meteor Horseshoe,0,0,0,0,0,0,0,0,0,12,21,0,0
Lu Bu Fengxian,Berserker Monument,0,0,0,0,0,0,0,0,0,0,0,0,0
Lu Bu Fengxian,Claw of Chaos,0,0,0,0,0,0,0,0,0,0,0,0,0
Lu Bu Fengxian,Evil Bone,0,0,0,0,0,0,0,30,60,0,0,0,0
Lu Bu Fengxian,Void's Dust,0,0,0,0,0,0,0,0,0,0,0,96,0
Lu Bu Fengxian,Gem of Berserker,0,0,0,0,12,24,0,0,0,0,0,0,0
Lu Bu Fengxian,Magic Gem of Berserker,0,0,0,0,0,0,12,24,0,0,0,0,0
Lu Bu Fengxian,Secret Gem of Berserker,0,0,0,0,0,0,0,0,12,24,0,0,0
Lu Bu Fengxian,Octuplet Crystals,0,0,0,0,0,0,0,0,0,0,12,36,0
Lu Bu Fengxian,Crystallized Lore,0,0,0,0,0,0,0,0,0,0,0,0,3
Georgios,Rider Piece,0,0,0,0,0,0,0,0,0,0,0,0,0
Georgios,Proof of Hero,0,0,0,0,0,0,0,0,0,24,45,0,0
Georgios,Rider Monument,0,0,0,0,0,0,0,0,0,0,0,0,0
Georgios,Phoenix Feather,0,0,0,0,0,0,0,6,12,0,0,0,0
Georgios,Forbidden Page,0,0,0,0,0,0,0,0,0,0,0,0,0
Georgios,Meteor Horseshoe,0,0,0,0,0,0,0,0,0,0,0,36,0
Georgios,Gem of Rider,0,0,0,0,9,18,0,0,0,0,0,0,0
Georgios,Magic Gem of Rider,0,0,0,0,0,0,9,18,0,0,0,0,0
Georgios,Secret Gem of Rider,0,0,0,0,0,0,0,0,9,18,0,0,0
Georgios,Eternal Gear,0,0,0,0,0,0,0,0,0,0,9,27,0
Georgios,Crystallized Lore,0,0,0,0,0,0,0,0,0,0,0,0,3
Hans Christian Andersen,Caster Piece,0,0,0,0,0,0,0,0,0,0,0,0,0
Hans Christian Andersen,Forbidden Page,0,0,0,0,0,0,0,0,0,9,15,0,0
Hans Christian Andersen,Caster Monument,0,0,0,0,0,0,0,0,0,0,0,0,0
Hans Christian Andersen,Homunculus Baby,0,0,0,0,0,0,0,6,10,0,0,0,0
Hans Christian Andersen,Eternal Gear,0,0,0,0,0,0,0,0,0,0,0,0,0
Hans Christian Andersen,Meteor Horseshoe,0,0,0,0,0,0,0,0,0,0,0,36,0
Hans Christian Andersen,Gem of Caster,0,0,0,0,6,12,0,0,0,0,0,0,0
Hans Christian Andersen,Magic Gem of Caster,0,0,0,0,0,0,6,12,0,0,0,0,0
Hans Christian Andersen,Secret Gem of Caster,0,0,0,0,0,0,0,0,6,18,0,0,0
Hans Christian Andersen,Void's Dust,0,0,0,0,0,0,0,0,0,0,18,54,0
Hans Christian Andersen,Crystallized Lore,0,0,0,0,0,0,0,0,0,0,0,0,3
Hassan of the Cursed Arm,Assassin Piece,0,0,0,0,0,0,0,0,0,0,0,0,0
Hassan of the Cursed Arm,Evil Bone,0,0,0,0,0,0,0,0,0,24,45,0,0
Hassan of the Cursed Arm,Assassin Monument,0,0,0,0,0,0,0,0,0,0,0,0,0
Hassan of the Cursed Arm,Eternal Gear,0,0,0,0,0,0,0,9,15,0,0,0,0
Hassan of the Cursed Arm,Void's Dust,0,0,0,0,0,0,0,0,0,0,0,0,0
Hassan of the Cursed Arm,Homunculus Baby,0,0,0,0,0,0,0,0,0,0,0,36,0
Hassan of the Cursed Arm,Gem of Assassin,0,0,0,0,0,18,0,0,0,0,0,0,0
Hassan of the Cursed Arm,Magic Gem of Assassin,0,0,0,0,0,0,9,18,0,0,0,0,0
Hassan of the Cursed Arm,Secret Gem of Assassin,0,0,0,0,0,0,0,0,9,18,0,0,0
Hassan of the Cursed Arm,Ghost Lantern,0,0,0,0,0,0,0,0,0,0,9,27,0
Hassan of the Cursed Arm,Crystallized Lore,0,0,0,0,0,0,0,0,0,0,0,0,3
Arash,Archer Piece,0,0,0,0,0,0,0,0,0,0,0,0,0
Arash,Seed of Yggdrasil,0,0,0,0,0,0,0,0,0,6,12,0,0
Arash,Archer Monument,0,0,0,0,0,0,0,0,0,0,0,0,0
Arash,Proof of Hero,0,0,0,0,0,0,0,10,30,0,0,0,0
Arash,Octuplet Crystals,0,0,0,0,0,0,0,0,0,0,0,0,0
Arash,Void's Dust,0,0,0,0,0,0,0,0,0,0,0,48,0
Arash,Gem of Archer,0,0,0,0,4,8,0,0,0,0,0,0,0
Arash,Magic Gem of Archer,0,0,0,0,0,0,4,8,0,0,0,0,0
Arash,Secret Gem of Archer,0,0,0,0,0,0,0,0,6,12,0,0,0
Arash,Homunculus Baby,0,0,0,0,0,0,0,0,0,0,6,18,0
Arash,Crystallized Lore,0,0,0,0,0,0,0,0,0,0,0,0,3
Ryougi Shiki (Assassin),Sharp Knife,0,0,0,1,0,0,0,0,0,0,0,0,0
Ryougi Shiki (Assassin),Gem of Assassin,0,0,0,0,0,0,0,0,0,0,0,0,0
Ryougi Shiki (Assassin),Magic Gem of Assassin,0,0,0,0,0,0,0,10,0,0,0,0,0
Ryougi Shiki (Assassin),Evil Bone,0,0,0,0,0,0,0,12,24,0,0,0,0
Ryougi Shiki (Assassin),Secret Gem of Assassin,0,0,0,0,0,0,0,0,4,30,0,0,0
Ryougi Shiki (Assassin),Claw of Chaos,0,0,0,0,0,0,0,0,0,9,15,0,0
Ryougi Shiki (Assassin),Eternal Gear,0,0,0,0,0,0,0,0,0,0,15,45,0
Ryougi Shiki (Assassin),Homunculus Baby,0,0,0,0,0,0,0,0,0,0,0,60,0
Ryougi Shiki (Assassin),Crystallized Lore,0,0,0,0,0,0,0,0,0,0,0,0,3
Hassan of the Serenity,Assassin Piece,0,0,0,0,0,0,0,0,0,0,0,0,0
Hassan of the Serenity,Evil Bone,0,0,0,0,0,0,0,0,0,30,60,0,0
Hassan of the Serenity,Assassin Monument,0,0,0,0,0,0,0,0,0,0,0,0,0
Hassan of the Serenity,Fool's Chain,0,0,0,0,0,0,0,30,60,0,0,0,0
Hassan of the Serenity,Tearstone of Blood,0,0,0,0,0,0,0,0,0,0,0,0,0
Hassan of the Serenity,Black Beast Grease,0,0,0,0,0,0,0,0,0,0,0,0,0
Hassan of the Serenity,Gem of Assassin,0,0,0,0,12,24,0,0,0,0,0,0,0
Hassan of the Serenity,Magic Gem of Assassin,0,0,0,0,0,0,12,24,0,0,0,0,0
Hassan of the Serenity,Secret Gem of Assassin,0,0,0,0,0,0,0,0,12,24,0,0,0
Hassan of the Serenity,Void's Dust,0,0,0,0,0,0,0,0,0,0,24,72,0
Hassan of the Serenity,Lamp of Evil-Sealing,0,0,0,0,0,0,0,0,0,0,0,30,0
Hassan of the Serenity,Crystallized Lore,0,0,0,0,0,0,0,0,0,0,0,0,3
Paul Bunyan,Berserker Piece,0,0,0,0,0,0,0,0,0,0,0,0,0
Paul Bunyan,Seed of Yggdrasil,0,0,0,0,0,0,0,0,0,6,12,0,0
Paul Bunyan,Berserker Monument,0,0,0,0,0,0,0,0,0,0,0,0,0
Paul Bunyan,Octuplet Crystals,0,0,0,0,0,0,0,6,12,0,0,0,0
Paul Bunyan,Spirit Root,0,0,0,0,0,0,0,0,0,0,0,0,0
Paul Bunyan,Void's Dust,0,0,0,0,0,0,0,0,0,0,0,0,0
Paul Bunyan,Gem of Berserker,0,0,0,0,6,12,0,0,0,0,0,0,0
Paul Bunyan,Magic Gem of Berserker,0,0,0,0,0,0,6,12,0,0,0,0,0
Paul Bunyan,Secret Gem of Berserker,0,0,0,0,0,0,0,0,6,12,0,0,0
Paul Bunyan,Fool's Chain,0,0,0,0,0,0,0,0,0,0,18,54,0
Paul Bunyan,Homunculus Baby,0,0,0,0,0,0,0,0,0,0,0,24,0
Paul Bunyan,Crystallized Lore,0,0,0,0,0,0,0,0,0,0,0,0,3
Spartacus,Berserker Piece,0,0,0,0,0,0,0,0,0,0,0,0,0
Spartacus,Octuplet Crystals,0,0,0,0,0,0,0,0,0,6,12,0,0
Spartacus,Berserker Monument,0,0,0,0,0,0,0,0,0,0,0,0,0
Spartacus,Homunculus Baby,0,0,0,0,0,0,0,0,0,0,0,0,0
Spartacus,Proof of Hero,0,0,0,0,0,0,0,15,30,0,0,0,0
Spartacus,Evil Bone,0,0,0,0,0,0,0,0,0,0,0,72,0
Spartacus,Gem of Berserker,0,0,0,0,4,8,0,0,0,0,0,0,0
Spartacus,Magic Gem of Berserker,0,0,0,0,0,0,4,12,0,0,0,0,0
Spartacus,Secret Gem of Berserker,0,0,0,0,0,0,0,0,6,12,0,0,0
Spartacus,Seed of Yggdrasil,0,0,0,0,0,0,0,0,0,0,9,24,0
Spartacus,Crystallized Lore,0,0,0,0,0,0,0,0,0,0,0,0,3
Leonidas,Lancer Piece,0,0,0,0,0,0,0,0,0,0,0,0,0
Leonidas,Claw of Chaos,0,0,0,0,0,0,0,0,0,6,9,0,0
Leonidas,Lancer Monument,0,0,0,0,0,0,0,0,0,0,0,0,0
Leonidas,Void's Dust,0,0,0,0,0,0,0,15,30,0,0,0,0
Leonidas,Octuplet Crystals,0,0,0,0,0,0,0,0,0,0,0,0,0
Leonidas,Evil Bone,0,0,0,0,0,0,0,0,0,0,0,108,0
Leonidas,Gem of Lancer,0,0,0,0,9,18,0,0,0,0,0,0,0
Leonidas,Magic Gem of Lancer,0,0,0,0,0,0,9,18,0,0,0,0,0
Leonidas,Secret Gem of Lancer,0,0,0,0,0,0,0,0,9,18,0,0,0
Leonidas,Serpent Jewel,0,0,0,0,0,0,0,0,0,0,9,24,0
Leonidas,Crystallized Lore,0,0,0,0,0,0,0,0,0,0,0,0,3
Asagami Fujino,Archer Piece,0,10,0,0,0,0,0,0,0,0,0,0,0
Asagami Fujino,Evil Bone,0,18,0,0,0,0,0,0,0,36,72,0,0
Asagami Fujino,Archer Monument,0,0,4,10,0,0,0,0,0,0,0,0,0
Asagami Fujino,Void's Dust,0,0,16,0,0,0,0,16,32,0,0,0,0
Asagami Fujino,Cursed Beast Gallstone,0,0,2,4,0,0,0,0,0,0,0,0,0
Asagami Fujino,Tearstone of Blood,0,0,0,6,0,0,0,0,0,0,0,0,0
Asagami Fujino,Gem of Archer,0,0,0,0,8,20,0,0,0,0,0,0,0
Asagami Fujino,Magic Gem of Archer,0,0,0,0,0,0,8,20,0,0,0,0,0
Asagami Fujino,Secret Gem of Archer,0,0,0,0,0,0,0,0,8,30,0,0,0
Asagami Fujino,Stake of Wailing Night,0,0,0,0,0,0,0,0,0,0,45,135,0
Asagami Fujino,Mystic Spinal Fluid,0,0,0,0,0,0,0,0,0,0,0,180,0
Asagami Fujino,Crystallized Lore,0,0,0,0,0,0,0,0,0,0,0,0,3
Boudica,Rider Piece,0,0,0,0,0,0,0,0,0,0,0,0,0
Boudica,Phoenix Feather,0,0,0,0,0,0,0,0,0,9,18,0,0
Boudica,Rider Monument,0,0,4,8,0,0,0,0,0,0,0,0,0
Boudica,Evil Bone,0,0,20,0,0,0,0,30,60,0,0,0,0
Boudica,Meteor Horseshoe,0,0,4,7,0,0,0,0,0,0,0,0,0
Boudica,Void's Dust,0,0,0,16,0,0,0,0,0,0,0,96,0
Boudica,Gem of Rider,0,0,0,0,12,24,0,0,0,0,0,0,0
Boudica,Magic Gem of Rider,0,0,0,0,0,0,12,24,0,0,0,0,0
Boudica,Secret Gem of Rider,0,0,0,0,0,0,0,0,12,24,0,0,0
Boudica,Serpent Jewel,0,0,0,0,0,0,0,0,0,0,12,30,0
Boudica,Crystallized Lore,0,0,0,0,0,0,0,0,0,0,0,0,3
Chevalier d'Eon,Saber Piece,0,10,0,0,0,0,0,0,0,0,0,0,0
Chevalier d'Eon,Proof of Hero,0,18,0,0,0,0,0,0,0,36,72,0,0
Chevalier d'Eon,Saber Monument,0,0,4,10,0,0,0,0,0,0,0,0,0
Chevalier d'Eon,Seed of Yggdrasil,0,0,10,0,0,0,0,15,30,0,0,0,0
Chevalier d'Eon,Phoenix Feather,0,0,4,7,0,0,0,0,0,0,0,0,0
Chevalier d'Eon,Serpent Jewel,0,0,0,8,0,0,0,0,0,0,0,48,0
Chevalier d'Eon,Gem of Saber,0,0,0,0,12,30,0,0,0,0,0,0,0
Chevalier d'Eon,Magic Gem of Saber,0,0,0,0,0,0,12,30,0,0,0,0,0
Chevalier d'Eon,Secret Gem of Saber,0,0,0,0,0,0,0,0,12,30,0,0,0
Chevalier d'Eon,Forbidden Page,0,0,0,0,0,0,0,0,0,0,15,45,0
Chevalier d'Eon,Crystallized Lore,0,0,0,0,0,0,0,0,0,0,0,0,3
Asterios,Berserker Piece,0,0,0,0,0,0,0,0,0,0,0,0,0
Asterios,Octuplet Crystals,0,0,0,0,0,0,0,0,0,6,12,0,0
Asterios,Berserker Monument,0,0,2,4,0,0,0,0,0,0,0,0,0
Asterios,Proof of Hero,0,0,10,0,0,0,0,15,30,0,0,0,0
Asterios,Meteor Horseshoe,0,0,2,4,0,0,0,0,0,0,0,0,0
Asterios,Seed of Yggdrasil,0,0,0,5,0,0,0,0,0,0,0,30,0
Asterios,Gem of Berserker,0,0,0,0,6,12,0,0,0,0,0,0,0
Asterios,Magic Gem of Berserker,0,0,0,0,0,0,6,12,0,0,0,0,0
Asterios,Secret Gem of Berserker,0,0,0,0,0,0,0,0,6,12,0,0,0
Asterios,Void's Dust,0,0,0,0,0,0,0,0,0,0,12,36,0
Asterios,Crystallized Lore,0,0,0,0,0,0,0,0,0,0,0,0,3
Diarmuid ua Duibhne,Lancer Piece,0,10,0,0,0,0,0,0,0,0,0,0,0
Diarmuid ua Duibhne,Seed of Yggdrasil,0,6,0,0,0,0,0,0,0,12,24,0,0
Diarmuid ua Duibhne,Lancer Monument,0,0,4,8,0,0,0,0,0,0,0,0,0
Diarmuid ua Duibhne,Phoenix Feather,0,0,6,0,0,0,0,9,18,0,0,0,0
Diarmuid ua Duibhne,Serpent Jewel,0,0,3,6,0,0,0,0,0,0,0,0,0
Diarmuid ua Duibhne,Void's Dust,0,0,0,16,0,0,0,0,0,0,0,96,0
Diarmuid ua Duibhne,Gem of Lancer,0,0,0,0,12,24,0,0,0,0,0,0,0
Diarmuid ua Duibhne,Magic Gem of Lancer,0,0,0,0,0,0,12,24,0,0,0,0,0
Diarmuid ua Duibhne,Secret Gem of Lancer,0,0,0,0,0,0,0,0,12,24,0,0,0
Diarmuid ua Duibhne,Proof of Hero,0,0,0,0,0,0,0,0,0,0,36,108,0
Diarmuid ua Duibhne,Crystallized Lore,0,0,0,0,0,0,0,0,0,0,0,0,3
Kid Gilgamesh,Archer Piece,0,8,0,0,0,0,0,0,0,0,0,0,0
Kid Gilgamesh,Seed of Yggdrasil,0,6,0,0,0,0,0,0,0,12,24,0,0
Kid Gilgamesh,Archer Monument,0,0,4,8,0,0,0,0,0,0,0,0,0
Kid Gilgamesh,Serpent Jewel,0,0,6,0,0,0,0,6,12,0,0,0,0
Kid Gilgamesh,Dragon's Reverse Scale,0,0,2,3,0,0,0,0,0,0,0,0,0
Kid Gilgamesh,Proof of Hero,0,0,0,24,0,0,0,0,0,0,0,0,0
Kid Gilgamesh,Gem of Archer,0,0,0,0,8,16,0,0,0,0,0,0,0
Kid Gilgamesh,Magic Gem of Archer,0,0,0,0,0,0,8,16,0,0,0,0,0
Kid Gilgamesh,Secret Gem of Archer,0,0,0,0,0,0,0,0,8,24,0,0,0
Kid Gilgamesh,Void's Dust,0,0,0,0,0,0,0,0,0,0,24,72,0
Kid Gilgamesh,Phoenix Feather,0,0,0,0,0,0,0,0,0,0,0,39,0
Kid Gilgamesh,Crystallized Lore,0,0,0,0,0,0,0,0,0,0,0,0,3
William Shakespeare,Caster Piece,0,0,0,0,0,0,0,0,0,0,0,0,0
William Shakespeare,Ghost Lantern,0,0,0,0,0,0,0,0,0,9,15,0,0
William Shakespeare,Caster Monument,0,0,3,6,0,0,0,0,0,0,0,0,0
William Shakespeare,Forbidden Page,0,0,5,0,0,0,0,9,15,0,0,0,0
William Shakespeare,Homunculus Baby,0,0,3,5,0,0,0,0,0,0,0,0,0
William Shakespeare,Serpent Jewel,0,0,0,5,0,0,0,0,0,0,0,30,0
William Shakespeare,Gem of Caster,0,0,0,0,9,18,0,0,0,0,0,0,0
William Shakespeare,Magic Gem of Caster,0,0,0,0,0,0,9,18,0,0,0,0,0
William Shakespeare,Secret Gem of Caster,0,0,0,0,0,0,0,0,9,18,0,0,0
William Shakespeare,Void's Dust,0,0,0,0,0,0,0,0,0,0,18,54,0
William Shakespeare,Crystallized Lore,0,0,0,0,0,0,0,0,0,0,0,0,3
Elisabeth Bathory (Brave),Dragon Orb,1,1,1,1,0,0,0,0,0,0,0,0,0
Elisabeth Bathory (Brave),Gem of Saber,0,0,0,0,12,30,0,0,0,0,0,0,0
Elisabeth Bathory (Brave),Magic Gem of Saber,0,0,0,0,0,0,12,30,0,0,0,0,0
Elisabeth Bathory (Brave),Proof of Hero,0,0,0,0,0,0,0,36,72,0,0,0,0
Elisabeth Bathory (Brave),Secret Gem of Saber,0,0,0,0,0,0,0,0,12,30,0,0,0
Elisabeth Bathory (Brave),Dragon Fang,0,0,0,0,0,0,0,0,0,30,60,0,0
Elisabeth Bathory (Brave),Great Knight Medal,0,0,0,0,0,0,0,0,0,0,30,90,0
Elisabeth Bathory (Brave),Dragon's Reverse Scale,0,0,0,0,0,0,0,0,0,0,0,24,0
Elisabeth Bathory (Brave),Crystallized Lore,0,0,0,0,0,0,0,0,0,0,0,0,3
Cu Chulainn (Prototype),Lancer Piece,0,8,0,0,0,0,0,0,0,0,0,0,0
Cu Chulainn (Prototype),Void's Dust,0,10,0,0,0,0,0,0,0,21,39,0,0
Cu Chulainn (Prototype),Lancer Monument,0,0,4,8,0,0,0,0,0,0,0,0,0
Cu Chulainn (Prototype),Seed of Yggdrasil,0,0,8,0,0,0,0,12,24,0,0,0,0
Cu Chulainn (Prototype),Claw of Chaos,0,0,2,4,0,0,0,0,0,0,0,0,0
Cu Chulainn (Prototype),Octuplet Crystals,0,0,0,8,0,0,0,0,0,0,0,48,0
Cu Chulainn (Prototype),Gem of Lancer,0,0,0,0,12,24,0,0,0,0,0,0,0
Cu Chulainn (Prototype),Magic Gem of Lancer,0,0,0,0,0,0,12,24,0,0,0,0,0
Cu Chulainn (Prototype),Secret Gem of Lancer,0,0,0,0,0,0,0,0,12,24,0,0,0
Cu Chulainn (Prototype),Proof of Hero,0,0,0,0,0,0,0,0,0,0,36,108,0
Cu Chulainn (Prototype),Crystallized Lore,0,0,0,0,0,0,0,0,0,0,0,0,3
Jing Ke,Assassin Piece,0,8,0,0,0,0,0,0,0,0,0,0,0
Jing Ke,Evil Bone,0,15,0,0,0,0,0,0,0,30,60,0,0
Jing Ke,Assassin Monument,0,0,4,8,0,0,0,0,0,0,0,0,0
Jing Ke,Octuplet Crystals,0,0,7,0,0,0,0,12,21,0,0,0,0
Jing Ke,Ghost Lantern,0,0,4,7,0,0,0,0,0,0,0,0,0
Jing Ke,Void's Dust,0,0,0,16,0,0,0,0,0,0,0,96,0
Jing Ke,Gem of Assassin,0,0,0,0,8,24,0,0,0,0,0,0,0
Jing Ke,Magic Gem of Assassin,0,0,0,0,0,0,12,24,0,0,0,0,0
Jing Ke,Secret Gem of Assassin,0,0,0,0,0,0,0,0,12,24,0,0,0
Jing Ke,Phoenix Feather,0,0,0,0,0,0,0,0,0,0,12,30,0
Jing Ke,Crystallized Lore,0,0,0,0,0,0,0,0,0,0,0,0,3
EMIYA (Assassin),Assassin Piece,4,10,0,0,0,0,0,0,0,0,0,0,0
EMIYA (Assassin),Proof of Hero,0,18,0,0,0,0,0,0,0,36,72,0,0
EMIYA (Assassin),Assassin Monument,0,0,4,10,0,0,0,0,0,0,0,0,0
EMIYA (Assassin),Evil Bone,0,0,24,0,0,0,0,36,72,0,0,0,0
EMIYA (Assassin),Void's Dust,0,0,8,16,0,0,0,0,0,0,0,0,0
EMIYA (Assassin),Tearstone of Blood,0,0,0,6,0,0,0,0,0,0,0,0,0
EMIYA (Assassin),Gem of Assassin,0,0,0,0,12,30,0,0,0,0,0,0,0
EMIYA (Assassin),Magic Gem of Assassin,0,0,0,0,0,0,12,30,0,0,0,0,0
EMIYA (Assassin),Secret Gem of Assassin,0,0,0,0,0,0,0,0,12,30,0,0,0
EMIYA (Assassin),Homunculus Baby,0,0,0,0,0,0,0,0,0,0,15,45,0
EMIYA (Assassin),Heart of the Foreign God,0,0,0,0,0,0,0,0,0,0,0,24,0
EMIYA (Assassin),Crystallized Lore,0,0,0,0,0,0,0,0,0,0,0,0,3
Charles-Henri Sanson,Assassin Piece,0,6,0,0,0,0,0,0,0,0,0,0,0
Charles-Henri Sanson,Evil Bone,0,11,0,0,0,0,0,0,0,24,45,0,0
Charles-Henri Sanson,Assassin Monument,0,0,3,6,0,0,0,0,0,0,0,0,0
Charles-Henri Sanson,Void's Dust,0,0,10,0,0,0,0,15,30,0,0,0,0
Charles-Henri Sanson,Heart of the Foreign God,0,0,1,2,0,0,0,0,0,0,0,0,0
Charles-Henri Sanson,Homunculus Baby,0,0,0,6,0,0,0,0,0,0,0,36,0
Charles-Henri Sanson,Gem of Assassin,0,0,0,0,6,18,0,0,0,0,0,0,0
Charles-Henri Sanson,Magic Gem of Assassin,0,0,0,0,0,0,9,18,0,0,0,0,0
Charles-Henri Sanson,Secret Gem of Assassin,0,0,0,0,0,0,0,0,9,18,0,0,0
Charles-Henri Sanson,Forbidden Page,0,0,0,0,0,0,0,0,0,0,9,27,0
Charles-Henri Sanson,Crystallized Lore,0,0,0,0,0,0,0,0,0,0,0,0,3
Kiyohime,Berserker Piece,4,8,0,0,0,0,0,0,0,0,0,0,0
Kiyohime,Ghost Lantern,0,5,0,0,0,0,0,0,0,12,21,0,0
Kiyohime,Berserker Monument,0,0,4,8,0,0,0,0,0,0,0,0,0
Kiyohime,Evil Bone,0,0,20,0,0,0,0,30,60,0,0,0,0
Kiyohime,Dragon Fang,0,0,8,16,0,0,0,0,0,0,0,0,0
Kiyohime,Dragon's Reverse Scale,0,0,0,4,0,0,0,0,0,0,0,21,0
Kiyohime,Gem of Berserker,0,0,0,0,12,24,0,0,0,0,0,0,0
Kiyohime,Magic Gem of Berserker,0,0,0,0,0,0,12,24,0,0,0,0,0
Kiyohime,Secret Gem of Berserker,0,0,0,0,0,0,0,0,12,24,0,0,0
Kiyohime,Seed of Yggdrasil,0,0,0,0,0,0,0,0,0,0,15,45,0
Kiyohime,Crystallized Lore,0,0,0,0,0,0,0,0,0,0,0,0,3
Fionn mac Cumhaill,Lancer Piece,4,10,0,0,0,0,0,0,0,0,0,0,0
Fionn mac Cumhaill,Phoenix Feather,0,5,0,0,0,0,0,0,0,12,21,0,0
Fionn mac Cumhaill,Lancer Monument,0,0,4,10,0,0,0,0,0,0,0,0,0
Fionn mac Cumhaill,Evil Bone,0,0,24,0,0,0,0,36,72,0,0,0,0
Fionn mac Cumhaill,Claw of Chaos,0,0,3,5,0,0,0,0,0,0,0,0,0
Fionn mac Cumhaill,Void's Dust,0,0,0,20,0,0,0,0,0,0,0,0,0
Fionn mac Cumhaill,Gem of Lancer,0,0,0,0,12,30,0,0,0,0,0,0,0
Fionn mac Cumhaill,Magic Gem of Lancer,0,0,0,0,0,0,12,30,0,0,0,0,0
Fionn mac Cumhaill,Secret Gem of Lancer,0,0,0,0,0,0,0,0,12,30,0,0,0
Fionn mac Cumhaill,Octuplet Crystals,0,0,0,0,0,0,0,0,0,0,15,45,0
Fionn mac Cumhaill,Serpent Jewel,0,0,0,0,0,0,0,0,0,0,0,48,0
Fionn mac Cumhaill,Crystallized Lore,0,0,0,0,0,0,0,0,0,0,0,0,3
Gilles de Rais,Saber Piece,4,8,0,0,0,0,0,0,0,0,0,0,0
Gilles de Rais,Proof of Hero,0,15,0,0,0,0,0,0,0,30,60,0,0
Gilles de Rais,Saber Monument,0,0,4,8,0,0,0,0,0,0,0,0,0
Gilles de Rais,Void's Dust,0,0,13,0,0,0,0,21,39,0,0,0,0
Gilles de Rais,Evil Bone,0,0,10,20,0,0,0,0,0,0,0,0,0
Gilles de Rais,Heart of the Foreign God,0,0,0,4,0,0,0,0,0,0,0,21,0
Gilles de Rais,Gem of Saber,0,0,0,0,12,24,0,0,0,0,0,0,0
Gilles de Rais,Magic Gem of Saber,0,0,0,0,0,0,12,24,0,0,0,0,0
Gilles de Rais,Secret Gem of Saber,0,0,0,0,0,0,0,0,12,24,0,0,0
Gilles de Rais,Ghost Lantern,0,0,0,0,0,0,0,0,0,0,12,36,0
Gilles de Rais,Crystallized Lore,0,0,0,0,0,0,0,0,0,0,0,0,3
Mata Hari,Assassin Piece,0,4,0,0,0,0,0,0,0,0,0,0,0
Mata Hari,Phoenix Feather,0,2,0,0,0,0,0,0,0,6,9,0,0
Mata Hari,Assassin Monument,0,0,2,4,0,0,0,0,0,0,0,0,0
Mata Hari,Eternal Gear,0,0,4,0,0,0,0,6,12,0,0,0,0
Mata Hari,Ghost Lantern,0,0,2,4,0,0,0,0,0,0,0,0,0
Mata Hari,Serpent Jewel,0,0,0,4,0,0,0,0,0,0,0,21,0
Mata Hari,Gem of Assassin,0,0,0,0,6,12,0,0,0,0,0,0,0
Mata Hari,Magic Gem of Assassin,0,0,0,0,0,0,6,12,0,0,0,0,0
Mata Hari,Secret Gem of Assassin,0,0,0,0,0,0,0,0,6,12,0,0,0
Mata Hari,Homunculus Baby,0,0,0,0,0,0,0,0,0,0,6,18,0
Mata Hari,Crystallized Lore,0,0,0,0,0,0,0,0,0,0,0,0,3
Sasaki Kojirou,Assassin Piece,0,4,0,0,0,0,0,0,0,0,0,0,0
Sasaki Kojirou,Proof of Hero,0,8,0,0,0,0,0,0,0,15,30,0,0
Sasaki Kojirou,Assassin Monument,0,0,2,4,0,0,0,0,0,0,0,0,0
Sasaki Kojirou,Void's Dust,0,0,7,0,0,0,0,12,21,0,0,0,0
Sasaki Kojirou,Eternal Gear,0,0,2,4,0,0,0,0,0,0,0,0,0
Sasaki Kojirou,Octuplet Crystals,0,0,0,4,0,0,0,0,0,0,0,24,0
Sasaki Kojirou,Gem of Assassin,0,0,0,0,4,12,0,0,0,0,0,0,0
Sasaki Kojirou,Magic Gem of Assassin,0,0,0,0,0,0,6,12,0,0,0,0,0
Sasaki Kojirou,Secret Gem of Assassin,0,0,0,0,0,0,0,0,6,12,0,0,0
Sasaki Kojirou,Evil Bone,0,0,0,0,0,0,0,0,0,0,18,54,0
Sasaki Kojirou,Crystallized Lore,0,0,0,0,0,0,0,0,0,0,0,0,3
Musashibou Benkei,Lancer Piece,3,6,0,0,0,0,0,0,0,0,0,0,0
Musashibou Benkei,Evil Bone,0,11,0,0,0,0,0,0,0,24,45,0,0
Musashibou Benkei,Lancer Monument,0,0,3,6,0,0,0,0,0,0,0,0,0
Musashibou Benkei,Seed of Yggdrasil,0,0,6,0,0,0,0,9,18,0,0,0,0
Musashibou Benkei,Homunculus Baby,0,0,3,5,0,0,0,0,0,0,0,0,0
Musashibou Benkei,Void's Dust,0,0,0,12,0,0,0,0,0,0,18,126,0
Musashibou Benkei,Gem of Lancer,0,0,0,0,9,18,0,0,0,0,0,0,0
Musashibou Benkei,Magic Gem of Lancer,0,0,0,0,0,0,9,18,0,0,0,0,0
Musashibou Benkei,Secret Gem of Lancer,0,0,0,0,0,0,0,0,9,18,0,0,0
Musashibou Benkei,Crystallized Lore,0,0,0,0,0,0,0,0,0,0,0,0,3
Phantom of the Opera,Assassin Piece,3,6,0,0,0,0,0,0,0,0,0,0,0
Phantom of the Opera,Ghost Lantern,0,4,0,0,0,0,0,0,0,9,15,0,0
Phantom of the Opera,Assassin Monument,0,0,3,6,0,0,0,0,0,0,0,0,0
Phantom of the Opera,Void's Dust,0,0,10,0,0,0,0,15,30,0,0,0,0
Phantom of the Opera,Eternal Gear,0,0,3,5,0,0,0,0,0,0,0,0,0
Phantom of the Opera,Evil Bone,0,0,0,18,0,0,0,0,0,0,0,108,0
Phantom of the Opera,Gem of Assassin,0,0,0,0,9,18,0,0,0,0,0,0,0
Phantom of the Opera,Magic Gem of Assassin,0,0,0,0,0,0,9,18,0,0,0,0,0
Phantom of the Opera,Secret Gem of Assassin,0,0,0,0,0,0,0,0,9,18,0,0,0
Phantom of the Opera,Heart of the Foreign God,0,0,0,0,0,0,0,0,0,0,6,12,0
Phantom of the Opera,Crystallized Lore,0,0,0,0,0,0,0,0,0,0,0,0,3
Ibaraki-Douji,Berserker Piece,4,10,0,0,0,0,0,0,0,0,0,0,0
Ibaraki-Douji,Octuplet Crystals,0,6,0,0,0,0,0,0,0,12,24,0,0
Ibaraki-Douji,Berserker Monument,0,0,4,10,0,0,0,0,0,0,0,0,0
Ibaraki-Douji,Claw of Chaos,0,0,5,0,0,0,0,9,15,0,0,0,0
Ibaraki-Douji,Phoenix Feather,0,0,4,7,0,0,0,0,0,0,0,0,0
Ibaraki-Douji,Heart of the Foreign God,0,0,0,4,0,0,0,0,0,0,0,0,0
Ibaraki-Douji,Gem of Berserker,0,0,0,0,12,30,0,0,0,0,0,0,0
Ibaraki-Douji,Magic Gem of Berserker,0,0,0,0,0,0,12,30,0,0,0,0,0
Ibaraki-Douji,Secret Gem of Berserker,0,0,0,0,0,0,0,0,12,30,0,0,0
Ibaraki-Douji,Void's Dust,0,0,0,0,0,0,0,0,0,0,30,90,0
Ibaraki-Douji,Tearstone of Blood,0,0,0,0,0,0,0,0,0,0,0,36,0
Ibaraki-Douji,Crystallized Lore,0,0,0,0,0,0,0,0,0,0,0,0,3
Altria Pendragon (Lily),Saber Piece,4,10,0,0,0,0,0,0,0,0,0,0,0
Altria Pendragon (Lily),Proof of Hero,0,18,0,0,0,0,0,0,0,36,72,0,0
Altria Pendragon (Lily),Saber Monument,0,0,4,10,0,0,0,0,0,0,0,0,0
Altria Pendragon (Lily),Dragon Fang,0,0,20,0,0,0,0,30,60,0,0,0,0
Altria Pendragon (Lily),Seed of Yggdrasil,0,0,5,10,0,0,0,0,0,0,0,0,0
Altria Pendragon (Lily),Dragon's Reverse Scale,0,0,0,4,0,0,0,0,0,0,0,24,0
Altria Pendragon (Lily),Gem of Saber,0,0,0,0,12,30,0,0,0,0,0,0,0
Altria Pendragon (Lily),Magic Gem of Saber,0,0,0,0,0,0,12,30,0,0,0,0,0
Altria Pendragon (Lily),Secret Gem of Saber,0,0,0,0,0,0,0,0,12,30,0,0,0
Altria Pendragon (Lily),Claw of Chaos,0,0,0,0,0,0,0,0,0,0,9,27,0
Altria Pendragon (Lily),Crystallized Lore,0,0,0,0,0,0,0,0,0,0,0,0,3
Tawara Touta,Archer Piece,4,10,0,0,0,0,0,0,0,0,0,0,0
Tawara Touta,Seed of Yggdrasil,0,6,0,0,0,0,0,0,0,12,24,0,0
Tawara Touta,Archer Monument,0,0,4,10,0,0,0,0,0,0,0,0,0
Tawara Touta,Phoenix Feather,0,0,3,6,0,0,0,0,0,0,0,0,0
Tawara Touta,Proof of Hero,0,0,20,0,0,0,0,30,60,0,0,0,0
Tawara Touta,Spirit Root,0,0,0,4,0,0,0,0,0,0,0,0,0
Tawara Touta,Gem of Archer,0,0,0,0,12,24,0,0,0,0,0,0,0
Tawara Touta,Magic Gem of Archer,0,0,0,0,0,0,12,24,0,0,0,0,0
Tawara Touta,Secret Gem of Archer,0,0,0,0,0,0,0,0,12,24,0,0,0
Tawara Touta,Octuplet Crystals,0,0,0,0,0,0,0,0,0,0,12,36,0
Tawara Touta,Scarab of Wisdom,0,0,0,0,0,0,0,0,0,0,0,21,0
Tawara Touta,Crystallized Lore,0,0,0,0,0,0,0,0,0,0,0,0,3
Billy the Kid,Archer Piece,4,8,0,0,0,0,0,0,0,0,0,0,0
Billy the Kid,Meteor Horseshoe,0,5,0,0,0,0,0,0,0,12,21,0,0
Billy the Kid,Archer Monument,0,0,4,8,0,0,0,0,0,0,0,0,0
Billy the Kid,Evil Bone,0,0,20,0,0,0,0,30,60,0,0,0,0
Billy the Kid,Phoenix Feather,0,0,3,6,0,0,0,0,0,0,0,0,0
Billy the Kid,Claw of Chaos,0,0,0,5,0,0,0,0,0,0,0,0,0
Billy the Kid,Gem of Archer,0,0,0,0,12,24,0,0,0,0,0,0,0
Billy the Kid,Magic Gem of Archer,0,0,0,0,0,0,12,24,0,0,0,0,0
Billy the Kid,Secret Gem of Archer,0,0,0,0,0,0,0,0,12,24,0,0,0
Billy the Kid,Void's Dust,0,0,0,0,0,0,0,0,0,0,24,72,0
Billy the Kid,Tearstone of Blood,0,0,0,0,0,0,0,0,0,0,0,30,0
Billy the Kid,Crystallized Lore,0,0,0,0,0,0,0,0,0,0,0,0,3
Houzouin Inshun,Lancer Piece,4,8,0,0,0,0,0,0,0,0,0,0,0
Houzouin Inshun,Warhorse's Young Horn,0,3,0,0,0,0,0,0,0,6,12,0,0
Houzouin Inshun,Lancer Monument,0,0,4,8,0,0,0,0,0,0,0,0,0
Houzouin Inshun,Octuplet Crystals,0,0,7,0,0,0,0,12,21,0,0,0,0
Houzouin Inshun,Phoenix Feather,0,0,3,6,0,0,0,0,0,0,0,0,0
Houzouin Inshun,Heart of the Foreign God,0,0,0,4,0,0,0,0,0,0,0,0,0
Houzouin Inshun,Gem of Lancer,0,0,0,0,12,24,0,0,0,0,0,0,0
Houzouin Inshun,Magic Gem of Lancer,0,0,0,0,0,0,12,24,0,0,0,0,0
Houzouin Inshun,Secret Gem of Lancer,0,0,0,0,0,0,0,0,12,24,0,0,0
Houzouin Inshun,Refined Magatama,0,0,0,0,0,0,0,0,0,0,12,36,0
Houzouin Inshun,Evil Bone,0,0,0,0,0,0,0,0,0,0,0,144,0
Houzouin Inshun,Crystallized Lore,0,0,0,0,0,0,0,0,0,0,0,0,3
Hektor,Lancer Piece,4,8,0,0,0,0,0,0,0,0,0,0,0
Hektor,Meteor Horseshoe,0,5,0,0,0,0,0,0,0,12,21,0,0
Hektor,Lancer Monument,0,0,4,8,0,0,0,0,0,0,0,0,0
Hektor,Proof of Hero,0,0,20,0,0,0,0,30,60,0,0,0,0
Hektor,Seed of Yggdrasil,0,0,4,8,0,0,0,0,0,0,0,0,0
Hektor,Phoenix Feather,0,0,0,7,0,0,0,0,0,0,0,39,0
Hektor,Gem of Lancer,0,0,0,0,12,24,0,0,0,0,0,0,0
Hektor,Magic Gem of Lancer,0,0,0,0,0,0,12,24,0,0,0,0,0
Hektor,Secret Gem of Lancer,0,0,0,0,0,0,0,0,12,24,0,0,0
Hektor,Octuplet Crystals,0,0,0,0,0,0,0,0,0,0,12,36,0
Hektor,Crystallized Lore,0,0,0,0,0,0,0,0,0,0,0,0,3
Romulus,Lancer Piece,4,8,0,0,0,0,0,0,0,0,0,0,0
Romulus,Octuplet Crystals,0,5,0,0,0,0,0,0,0,12,21,0,0
Romulus,Lancer Monument,0,0,4,8,0,0,0,0,0,0,0,0,0
Romulus,Phoenix Feather,0,0,6,0,0,0,0,9,18,0,0,0,0
Romulus,Evil Bone,0,0,10,20,0,0,0,0,0,0,0,0,0
Romulus,Void's Dust,0,0,0,16,0,0,0,0,0,0,0,96,0
Romulus,Gem of Lancer,0,0,0,0,12,24,0,0,0,0,0,0,0
Romulus,Magic Gem of Lancer,0,0,0,0,0,0,12,24,0,0,0,0,0
Romulus,Secret Gem of Lancer,0,0,0,0,0,0,0,0,12,24,0,0,0
Romulus,Eternal Gear,0,0,0,0,0,0,0,0,0,0,12,36,0
Romulus,Crystallized Lore,0,0,0,0,0,0,0,0,0,0,0,0,3
Alexander,Rider Piece,4,8,0,0,0,0,0,0,0,0,0,0,0
Alexander,Meteor Horseshoe,0,5,0,0,0,0,0,0,0,12,21,0,0
Alexander,Rider Monument,0,0,4,8,0,0,0,0,0,0,0,0,0
Alexander,Octuplet Crystals,0,0,7,0,0,0,0,12,21,0,0,0,0
Alexander,Phoenix Feather,0,0,3,6,0,0,0,0,0,0,0,0,0
Alexander,Proof of Hero,0,0,0,24,0,0,0,0,0,0,0,144,0
Alexander,Gem of Rider,0,0,0,0,12,24,0,0,0,0,0,0,0
Alexander,Magic Gem of Rider,0,0,0,0,0,0,12,24,0,0,0,0,0
Alexander,Secret Gem of Rider,0,0,0,0,0,0,0,0,12,24,0,0,0
Alexander,Claw of Chaos,0,0,0,0,0,0,0,0,0,0,9,24,0
Alexander,Crystallized Lore,0,0,0,0,0,0,0,0,0,0,0,0,3
Edward Teach,Rider Piece,3,6,0,0,0,0,0,0,0,0,0,0,0
Edward Teach,Evil Bone,0,11,0,0,0,0,0,0,0,24,45,0,0
Edward Teach,Rider Monument,0,0,3,6,0,0,0,0,0,0,0,0,0
Edward Teach,Octuplet Crystals,0,0,5,0,0,0,0,9,15,0,0,0,0
Edward Teach,Forbidden Page,0,0,3,5,0,0,0,0,0,0,0,0,0
Edward Teach,Ghost Lantern,0,0,0,6,0,0,0,0,0,0,0,36,0
Edward Teach,Gem of Rider,0,0,0,0,9,18,0,0,0,0,0,0,0
Edward Teach,Magic Gem of Rider,0,0,0,0,0,0,9,18,0,0,0,0,0
Edward Teach,Secret Gem of Rider,0,0,0,0,0,0,0,0,9,18,0,0,0
Edward Teach,Homunculus Baby,0,0,0,0,0,0,0,0,0,0,9,27,0
Edward Teach,Crystallized Lore,0,0,0,0,0,0,0,0,0,0,0,0,3
Sieg,Leaf of Remembrance,1,1,1,1,0,0,0,0,0,0,0,0,0
Sieg,Gem of Caster,0,0,0,0,12,30,0,0,0,0,0,0,0
Sieg,Magic Gem of Caster,0,0,0,0,0,0,12,30,0,0,0,0,0
Sieg,Dragon Fang,0,0,0,0,0,0,0,30,60,0,0,0,0
Sieg,Secret Gem of Caster,0,0,0,0,0,0,0,0,12,30,0,0,0
Sieg,Great Knight Medal,0,0,0,0,0,0,0,0,0,24,48,0,0
Sieg,Heart of the Foreign God,0,0,0,0,0,0,0,0,0,0,6,18,0
Sieg,Dragon's Reverse Scale,0,0,0,0,0,0,0,0,0,0,0,24,0
Sieg,Crystallized Lore,0,0,0,0,0,0,0,0,0,0,0,0,3
Avicebron,Caster Piece,4,8,0,0,0,0,0,0,0,0,0,0,0
Avicebron,Octuplet Crystals,0,5,0,0,0,0,0,0,0,12,21,0,0
Avicebron,Caster Monument,0,0,4,8,0,0,0,0,0,0,0,0,0
Avicebron,Homunculus Baby,0,0,7,0,0,0,0,12,21,0,0,0,0
Avicebron,Lamp of Evil-Sealing,0,0,2,4,0,0,0,0,0,0,0,0,0
Avicebron,Scarab of Wisdom,0,0,0,4,0,0,0,0,0,0,0,0,0
Avicebron,Gem of Caster,0,0,0,0,12,24,0,0,0,0,0,0,0
Avicebron,Magic Gem of Caster,0,0,0,0,0,0,12,24,0,0,0,0,0
Avicebron,Secret Gem of Caster,0,0,0,0,0,0,0,0,12,24,0,0,0
Avicebron,Eternal Ice,0,0,0,0,0,0,0,0,0,0,12,36,0
Avicebron,Mystic Gunpowder,0,0,0,0,0,0,0,0,0,0,0,144,0
Avicebron,Crystallized Lore,0,0,0,0,0,0,0,0,0,0,0,0,3
Geronimo,Caster Piece,4,8,0,0,0,0,0,0,0,0,0,0,0
Geronimo,Proof of Hero,0,15,0,0,0,0,0,0,0,30,60,0,0
Geronimo,Caster Monument,0,0,4,8,0,0,0,0,0,0,0,0,0
Geronimo,Seed of Yggdrasil,0,0,8,0,0,0,0,12,24,0,0,0,0
Geronimo,Ghost Lantern,0,0,4,7,0,0,0,0,0,0,0,0,0
Geronimo,Octuplet Crystals,0,0,0,8,0,0,0,0,0,0,0,0,0
Geronimo,Gem of Caster,0,0,0,0,12,24,0,0,0,0,0,0,0
Geronimo,Magic Gem of Caster,0,0,0,0,0,0,12,24,0,0,0,0,0
Geronimo,Secret Gem of Caster,0,0,0,0,0,0,0,0,12,24,0,0,0
Geronimo,Evil Bone,0,0,0,0,0,0,0,0,0,0,36,108,0
Geronimo,Spirit Root,0,0,0,0,0,0,0,0,0,0,0,21,0
Geronimo,Crystallized Lore,0,0,0,0,0,0,0,0,0,0,0,0,3
Charles Babbage,Caster Piece,4,8,0,0,0,0,0,0,0,0,0,0,0
Charles Babbage,Eternal Gear,0,5,0,0,0,0,0,0,0,12,21,0,0
Charles Babbage,Caster Monument,0,0,4,8,0,0,0,0,0,0,0,0,0
Charles Babbage,Forbidden Page,0,0,4,7,0,0,0,0,0,0,0,0,0
Charles Babbage,Octuplet Crystals,0,0,7,0,0,0,0,12,21,0,0,0,0
Charles Babbage,Void's Dust,0,0,0,16,0,0,0,0,0,0,0,96,0
Charles Babbage,Gem of Caster,0,0,0,0,12,24,0,0,0,0,0,0,0
Charles Babbage,Magic Gem of Caster,0,0,0,0,0,0,12,24,0,0,0,0,0
Charles Babbage,Secret Gem of Caster,0,0,0,0,0,0,0,0,12,24,0,0,0
Charles Babbage,Ghost Lantern,0,0,0,0,0,0,0,0,0,0,12,36,0
Charles Babbage,Crystallized Lore,0,0,0,0,0,0,0,0,0,0,0,0,3
Paracelsus von Hohenheim,Caster Piece,4,8,0,0,0,0,0,0,0,0,0,0,0
Paracelsus von Hohenheim,Forbidden Page,0,5,0,0,0,0,0,0,0,12,21,0,0
Paracelsus von Hohenheim,Caster Monument,0,0,4,8,0,0,0,0,0,0,0,0,0
Paracelsus von Hohenheim,Homunculus Baby,0,0,4,7,0,0,0,0,0,0,0,0,0
Paracelsus von Hohenheim,Eternal Gear,0,0,7,0,0,0,0,12,21,0,0,0,0
Paracelsus von Hohenheim,Evil Bone,0,0,0,24,0,0,0,0,0,0,0,144,0
Paracelsus von Hohenheim,Gem of Caster,0,0,0,0,12,24,0,0,0,0,0,0,0
Paracelsus von Hohenheim,Magic Gem of Caster,0,0,0,0,0,0,12,24,0,0,0,0,0
Paracelsus von Hohenheim,Secret Gem of Caster,0,0,0,0,0,0,0,0,12,24,0,0,0
Paracelsus von Hohenheim,Void's Dust,0,0,0,0,0,0,0,0,0,0,24,72,0
Paracelsus von Hohenheim,Crystallized Lore,0,0,0,0,0,0,0,0,0,0,0,0,3
Cu Chulainn (Caster),Caster Piece,4,8,0,0,0,0,0,0,0,0,0,0,0
Cu Chulainn (Caster),Seed of Yggdrasil,0,6,0,0,0,0,0,0,0,12,24,0,0
Cu Chulainn (Caster),Caster Monument,0,0,4,8,0,0,0,0,0,0,0,0,0
Cu Chulainn (Caster),Claw of Chaos,0,0,2,4,0,0,0,0,0,0,0,0,0
Cu Chulainn (Caster),Forbidden Page,0,0,7,0,0,0,0,12,21,0,0,0,0
Cu Chulainn (Caster),Eternal Gear,0,0,0,8,0,0,0,0,0,0,0,48,0
Cu Chulainn (Caster),Gem of Caster,0,0,0,0,12,24,0,0,0,0,0,0,0
Cu Chulainn (Caster),Magic Gem of Caster,0,0,0,0,0,0,12,24,0,0,0,0,0
Cu Chulainn (Caster),Secret Gem of Caster,0,0,0,0,0,0,0,0,12,24,0,0,0
Cu Chulainn (Caster),Phoenix Feather,0,0,0,0,0,0,0,0,0,0,12,30,0
Cu Chulainn (Caster),Crystallized Lore,0,0,0,0,0,0,0,0,0,0,0,0,3
Mephistopheles,Caster Piece,4,8,0,0,0,0,0,0,0,0,0,0,0
Mephistopheles,Void's Dust,0,10,0,0,0,0,0,0,0,21,39,0,0
Mephistopheles,Caster Monument,0,0,4,8,0,0,0,0,0,0,0,0,0
Mephistopheles,Homunculus Baby,0,0,7,0,0,0,0,12,21,0,0,0,0
Mephistopheles,Heart of the Foreign God,0,0,2,3,0,0,0,0,0,0,0,0,0
Mephistopheles,Ghost Lantern,0,0,0,8,0,0,0,0,0,0,0,48,0
Mephistopheles,Gem of Caster,0,0,0,0,12,24,0,0,0,0,0,0,0
Mephistopheles,Magic Gem of Caster,0,0,0,0,0,0,12,24,0,0,0,0,0
Mephistopheles,Secret Gem of Caster,0,0,0,0,0,0,0,0,12,24,0,0,0
Mephistopheles,Eternal Gear,0,0,0,0,0,0,0,0,0,0,12,36,0
Mephistopheles,Crystallized Lore,0,0,0,0,0,0,0,0,0,0,0,0,3
Gilles de Rais (Caster),Caster Piece,4,8,0,0,0,0,0,0,0,0,0,0,0
Gilles de Rais (Caster),Ghost Lantern,0,5,0,0,0,0,0,0,0,12,21,0,0
Gilles de Rais (Caster),Caster Monument,0,0,4,8,0,0,0,0,0,0,0,0,0
Gilles de Rais (Caster),Forbidden Page,0,0,4,7,0,0,0,0,0,0,0,0,0
Gilles de Rais (Caster),Homunculus Baby,0,0,7,0,0,0,0,12,21,0,0,0,0
Gilles de Rais (Caster),Heart of the Foreign God,0,0,0,4,0,0,0,0,0,0,0,21,0
Gilles de Rais (Caster),Gem of Caster,0,0,0,0,12,24,0,0,0,0,0,0,0
Gilles de Rais (Caster),Magic Gem of Caster,0,0,0,0,0,0,12,24,0,0,0,0,0
Gilles de Rais (Caster),Secret Gem of Caster,0,0,0,0,0,0,0,0,12,24,0,0,0
Gilles de Rais (Caster),Void's Dust,0,0,0,0,0,0,0,0,0,0,24,72,0
Gilles de Rais (Caster),Crystallized Lore,0,0,0,0,0,0,0,0,0,0,0,0,3
Wolfgang Amadeus Mozart,Caster Piece,2,4,0,0,0,0,0,0,0,0,0,0,0
Wolfgang Amadeus Mozart,Evil Bone,0,8,0,0,0,0,0,0,0,15,30,0,0
Wolfgang Amadeus Mozart,Caster Monument,0,0,2,4,0,0,0,0,0,0,0,0,0
Wolfgang Amadeus Mozart,Eternal Gear,0,0,4,0,0,0,0,6,12,0,0,0,0
Wolfgang Amadeus Mozart,Forbidden Page,0,0,2,4,0,0,0,0,0,0,0,0,0
Wolfgang Amadeus Mozart,Heart of the Foreign God,0,0,0,2,0,0,0,0,0,0,0,12,0
Wolfgang Amadeus Mozart,Gem of Caster,0,0,0,0,6,12,0,0,0,0,0,0,0
Wolfgang Amadeus Mozart,Magic Gem of Caster,0,0,0,0,0,0,6,12,0,0,0,0,0
Wolfgang Amadeus Mozart,Secret Gem of Caster,0,0,0,0,0,0,0,0,6,12,0,0,0
Wolfgang Amadeus Mozart,Phoenix Feather,0,0,0,0,0,0,0,0,0,0,6,15,0
Wolfgang Amadeus Mozart,Crystallized Lore,0,0,0,0,0,0,0,0,0,0,0,0,3
Hassan of the Hundred Personas,Assassin Piece,4,8,0,0,0,0,0,0,0,0,0,0,0
Hassan of the Hundred Personas,Void's Dust,0,10,0,0,0,0,0,0,0,21,39,0,0
Hassan of the Hundred Personas,Assassin Monument,0,0,4,8,0,0,0,0,0,0,0,0,0
Hassan of the Hundred Personas,Octuplet Crystals,0,0,7,0,0,0,0,12,21,0,0,0,0
Hassan of the Hundred Personas,Serpent Jewel,0,0,3,6,0,0,0,0,0,0,0,0,0
Hassan of the Hundred Personas,Black Beast Grease,0,0,0,5,0,0,0,0,0,0,0,0,0
Hassan of the Hundred Personas,Gem of Assassin,0,0,0,0,12,24,0,0,0,0,0,0,0
Hassan of the Hundred Personas,Magic Gem of Assassin,0,0,0,0,0,0,12,24,0,0,0,0,0
Hassan of the Hundred Personas,Secret Gem of Assassin,0,0,0,0,0,0,0,0,12,24,0,0,0
Hassan of the Hundred Personas,Evil Bone,0,0,0,0,0,0,0,0,0,0,36,108,0
Hassan of the Hundred Personas,Claw of Chaos,0,0,0,0,0,0,0,0,0,0,0,30,0
Hassan of the Hundred Personas,Crystallized Lore,0,0,0,0,0,0,0,0,0,0,0,0,3
Henry Jekyll & Hyde,Assassin Piece,4,8,0,0,0,0,0,0,0,0,0,0,0
Henry Jekyll & Hyde,Evil Bone,0,15,0,0,0,0,0,0,0,30,60,0,0
Henry Jekyll & Hyde,Assassin Monument,0,0,4,8,0,0,0,0,0,0,0,0,0
Henry Jekyll & Hyde,Octuplet Crystals,0,0,4,7,0,0,0,0,0,0,0,0,0
Henry Jekyll & Hyde,Void's Dust,0,0,13,0,0,0,0,21,39,0,0,0,0
Henry Jekyll & Hyde,Homunculus Baby,0,0,0,8,0,0,0,0,0,0,0,48,0
Henry Jekyll & Hyde,Gem of Assassin,0,0,0,0,12,24,0,0,0,0,0,0,0
Henry Jekyll & Hyde,Magic Gem of Assassin,0,0,0,0,0,0,12,24,0,0,0,0,0
Henry Jekyll & Hyde,Secret Gem of Assassin,0,0,0,0,0,0,0,0,12,24,0,0,0
Henry Jekyll & Hyde,Heart of the Foreign God,0,0,0,0,0,0,0,0,0,0,6,15,0
Henry Jekyll & Hyde,Crystallized Lore,0,0,0,0,0,0,0,0,0,0,0,0,3
Darius III,Berserker Piece,4,8,0,0,0,0,0,0,0,0,0,0,0
Darius III,Octuplet Crystals,0,5,0,0,0,0,0,0,0,12,21,0,0
Darius III,Berserker Monument,0,0,4,8,0,0,0,0,0,0,0,0,0
Darius III,Evil Bone,0,0,10,20,0,0,0,0,0,0,0,0,0
Darius III,Phoenix Feather,0,0,6,0,0,0,0,9,18,0,0,0,0
Darius III,Meteor Horseshoe,0,0,0,8,0,0,0,0,0,0,0,48,0
Darius III,Gem of Berserker,0,0,0,0,12,24,0,0,0,0,0,0,0
Darius III,Magic Gem of Berserker,0,0,0,0,0,0,12,24,0,0,0,0,0
Darius III,Secret Gem of Berserker,0,0,0,0,0,0,0,0,12,24,0,0,0
Darius III,Void's Dust,0,0,0,0,0,0,0,0,0,0,24,72,0
Darius III,Crystallized Lore,0,0,0,0,0,0,0,0,0,0,0,0,3
Eric Bloodaxe,Berserker Piece,3,6,0,0,0,0,0,0,0,0,0,0,0
Eric Bloodaxe,Evil Bone,0,11,0,0,0,0,0,0,0,24,45,0,0
Eric Bloodaxe,Berserker Monument,0,0,3,6,0,0,0,0,0,0,0,0,0
Eric Bloodaxe,Serpent Jewel,0,0,2,4,0,0,0,0,0,0,0,0,0
Eric Bloodaxe,Homunculus Baby,0,0,5,0,0,0,0,9,15,0,0,0,0
Eric Bloodaxe,Void's Dust,0,0,0,12,0,0,0,0,0,0,0,72,0
Eric Bloodaxe,Gem of Berserker,0,0,0,0,9,18,0,0,0,0,0,0,0
Eric Bloodaxe,Magic Gem of Berserker,0,0,0,0,0,0,9,18,0,0,0,0,0
Eric Bloodaxe,Secret Gem of Berserker,0,0,0,0,0,0,0,0,9,18,0,0,0
Eric Bloodaxe,Claw of Chaos,0,0,0,0,0,0,0,0,0,0,6,18,0
Eric Bloodaxe,Crystallized Lore,0,0,0,0,0,0,0,0,0,0,0,0,3
Caligula,Berserker Piece,3,6,0,0,0,0,0,0,0,0,0,0,0
Caligula,Octuplet Crystals,0,4,0,0,0,0,0,0,0,9,15,0,0
Caligula,Berserker Monument,0,0,3,6,0,0,0,0,0,0,0,0,0
Caligula,Ghost Lantern,0,0,3,5,0,0,0,0,0,0,0,0,0
Caligula,Serpent Jewel,0,0,4,0,0,0,0,6,12,0,0,0,0
Caligula,Forbidden Page,0,0,0,6,0,0,0,0,0,0,0,36,0
Caligula,Gem of Berserker,0,0,0,0,9,18,0,0,0,0,0,0,0
Caligula,Magic Gem of Berserker,0,0,0,0,0,0,9,18,0,0,0,0,0
Caligula,Secret Gem of Berserker,0,0,0,0,0,0,0,0,9,18,0,0,0
Caligula,Meteor Horseshoe,0,0,0,0,0,0,0,0,0,0,9,27,0
Caligula,Crystallized Lore,0,0,0,0,0,0,0,0,0,0,0,0,3
Antonio Salieri,Void's Dust,8,0,0,0,0,0,0,0,0,0,0,0,0
Antonio Salieri,Evil Bone,8,0,0,0,0,0,0,0,0,0,0,0,0
Antonio Salieri,Forbidden Page,0,8,0,0,0,0,0,0,0,0,0,0,0
Antonio Salieri,Eternal Gear,0,8,0,0,0,0,0,0,0,0,0,0,0
Antonio Salieri,Ghost Lantern,0,0,8,0,0,0,0,0,0,0,0,0,0
Antonio Salieri,Lamp of Evil-Sealing,0,0,8,0,0,0,0,0,0,0,0,0,0
Antonio Salieri,Heart of the Foreign God,0,0,0,8,0,0,0,0,0,0,0,0,0
Antonio Salieri,Tearstone of Blood,0,0,0,8,0,0,0,0,0,0,0,0,0
Antonio Salieri,Fool's Chain,0,0,0,0,24,0,0,0,0,0,0,0,0
Antonio Salieri,Deadly Poisonous Needle,0,0,0,0,0,24,0,0,0,0,0,0,0
Antonio Salieri,Mystic Spinal Fluid,0,0,0,0,0,0,30,0,0,0,0,0,0
Antonio Salieri,Phoenix Feather,0,0,0,0,0,0,0,30,0,0,0,0,0
Antonio Salieri,Stake of Wailing Night,0,0,0,0,0,0,0,0,30,0,0,0,0
Antonio Salieri,Mystic Gunpowder,0,0,0,0,0,0,0,0,0,36,0,0,0
Antonio Salieri,Eternal Ice,0,0,0,0,0,0,0,0,0,0,36,0,0
Antonio Salieri,Scarab of Wisdom,0,0,0,0,0,0,0,0,0,0,0,36,0
Antonio Salieri,Crystallized Lore,0,0,0,0,0,0,0,0,0,0,0,0,3
